日付,銘柄名,コード,業種,TOPIXに占める個別銘柄のウエイト,ニューインデックス区分
20260430,極洋,1301,水産・農林業,0.0050%,TOPIX Small 1
20260430,ニッスイ,1332,水産・農林業,0.0300%,TOPIX Mid400
20260430,Ｕｍｉｏｓ,1333,水産・農林業,0.0172%,TOPIX Mid400
20260430,ユキグニファクトリー,1375,水産・農林業,0.0024%,TOPIX Small 2
20260430,カネコ種苗,1376,水産・農林業,0.0011%,TOPIX Small 2
20260430,サカタのタネ,1377,水産・農林業,0.0134%,TOPIX Small 1
20260430,ホクト,1379,水産・農林業,0.0044%,TOPIX Small 2
20260430,ショーボンドホールディングス,1414,建設業,0.0207%,TOPIX Mid400
20260430,ミライト・ワン,1417,建設業,0.0367%,TOPIX Mid400
20260430,タマホーム,1419,建設業,0.0060%,TOPIX Small 1
20260430,ｒｏｂｏｔ　ｈｏｍｅ,1435,不動産業,0.0011%,TOPIX Small 2
20260430,住石ホールディングス,1514,鉱業,0.0018%,TOPIX Small 2
20260430,日鉄鉱業,1515,鉱業,0.0124%,TOPIX Small 1
20260430,三井松島ホールディングス,1518,その他製品,0.0044%,TOPIX Small 1
20260430,ＩＮＰＥＸ,1605,鉱業,0.3730%,TOPIX Mid400
20260430,石油資源開発,1662,鉱業,0.0376%,TOPIX Small 1
20260430,Ｋ＆Ｏエナジーグループ,1663,鉱業,0.0058%,TOPIX Small 1
20260430,リョーサン菱洋ホールディングス,167A,卸売業,0.0104%,TOPIX Small 1
20260430,第一カッター興業,1716,建設業,0.0010%,TOPIX Small 2
20260430,安藤・間,1719,建設業,0.0271%,TOPIX Mid400
20260430,東急建設,1720,建設業,0.0123%,TOPIX Small 1
20260430,コムシスホールディングス,1721,建設業,0.0476%,TOPIX Mid400
20260430,ビーアールホールディングス,1726,建設業,0.0007%,TOPIX Small 2
20260430,高松コンストラクショングループ,1762,建設業,0.0067%,TOPIX Small 2
20260430,東建コーポレーション,1766,建設業,0.0073%,TOPIX Small 1
20260430,ヤマウラ,1780,建設業,0.0022%,TOPIX Small 2
20260430,オリエンタル白石,1786,建設業,0.0037%,TOPIX Small 2
20260430,大成建設,1801,建設業,0.2370%,TOPIX Mid400
20260430,大林組,1802,建設業,0.2168%,TOPIX Mid400
20260430,清水建設,1803,建設業,0.1554%,TOPIX Mid400
20260430,長谷工コーポレーション,1808,建設業,0.0452%,TOPIX Mid400
20260430,松井建設,1810,建設業,0.0023%,TOPIX Small 2
20260430,鹿島建設,1812,建設業,0.2539%,TOPIX Mid400
20260430,不動テトラ,1813,建設業,0.0031%,TOPIX Small 2
20260430,鉄建建設,1815,建設業,0.0057%,TOPIX Small 2
20260430,西松建設,1820,建設業,0.0172%,TOPIX Mid400
20260430,大豊建設,1822,建設業,0.0019%,TOPIX Small 2
20260430,奥村組,1833,建設業,0.0187%,TOPIX Small 1
20260430,東鉄工業,1835,建設業,0.0114%,TOPIX Small 1
20260430,淺沼組,1852,建設業,0.0069%,TOPIX Small 1
20260430,戸田建設,1860,建設業,0.0322%,TOPIX Mid400
20260430,熊谷組,1861,建設業,0.0167%,TOPIX Small 1
20260430,矢作建設工業,1870,建設業,0.0075%,TOPIX Small 1
20260430,ピーエス・コンストラクション,1871,建設業,0.0045%,TOPIX Small 2
20260430,日本ハウスホールディングス,1873,建設業,0.0012%,TOPIX Small 2
20260430,大東建託,1878,不動産業,0.1125%,TOPIX Mid400
20260430,新日本建設,1879,建設業,0.0051%,TOPIX Small 2
20260430,東亜道路工業,1882,建設業,0.0045%,TOPIX Small 1
20260430,東亜建設工業,1885,建設業,0.0192%,TOPIX Small 1
20260430,日本国土開発,1887,建設業,0.0033%,TOPIX Small 2
20260430,若築建設,1888,建設業,0.0020%,TOPIX Small 2
20260430,五洋建設,1893,建設業,0.0464%,TOPIX Mid400
20260430,世紀東急工業,1898,建設業,0.0043%,TOPIX Small 1
20260430,福田組,1899,建設業,0.0054%,TOPIX Small 2
20260430,住友林業,1911,建設業,0.0673%,TOPIX Mid400
20260430,大和ハウス工業,1925,建設業,0.2480%,TOPIX Large70
20260430,ライト工業,1926,建設業,0.0130%,TOPIX Small 1
20260430,積水ハウス,1928,建設業,0.1937%,TOPIX Large70
20260430,日特建設,1929,建設業,0.0021%,TOPIX Small 2
20260430,北陸電気工事,1930,建設業,0.0018%,TOPIX Small 2
20260430,ユアテック,1934,建設業,0.0098%,TOPIX Small 1
20260430,日本リーテック,1938,建設業,0.0039%,TOPIX Small 2
20260430,四電工,1939,建設業,0.0048%,TOPIX Small 2
20260430,中電工,1941,建設業,0.0119%,TOPIX Small 1
20260430,関電工,1942,建設業,0.0701%,TOPIX Mid400
20260430,きんでん,1944,建設業,0.1077%,TOPIX Mid400
20260430,東京エネシス,1945,建設業,0.0031%,TOPIX Small 2
20260430,トーエネック,1946,建設業,0.0089%,TOPIX Small 2
20260430,日本電設工業,1950,建設業,0.0172%,TOPIX Small 1
20260430,エクシオグループ,1951,建設業,0.0506%,TOPIX Mid400
20260430,新日本空調,1952,建設業,0.0086%,TOPIX Small 1
20260430,クラフティア,1959,建設業,0.0391%,TOPIX Mid400
20260430,三機工業,1961,建設業,0.0277%,TOPIX Small 1
20260430,日揮ホールディングス,1963,建設業,0.0457%,TOPIX Mid400
20260430,中外炉工業,1964,建設業,0.0024%,TOPIX Small 2
20260430,太平電業,1968,建設業,0.0106%,TOPIX Small 1
20260430,高砂熱学工業,1969,建設業,0.0452%,TOPIX Mid400
20260430,朝日工業社,1975,建設業,0.0072%,TOPIX Small 1
20260430,明星工業,1976,建設業,0.0058%,TOPIX Small 2
20260430,大氣社,1979,建設業,0.0158%,TOPIX Small 1
20260430,ダイダン,1980,建設業,0.0301%,TOPIX Small 1
20260430,日比谷総合設備,1982,建設業,0.0076%,TOPIX Small 2
20260430,ニップン,2001,食料品,0.0176%,TOPIX Small 1
20260430,日清製粉グループ本社,2002,食料品,0.0361%,TOPIX Mid400
20260430,日東富士製粉,2003,食料品,0.0024%,TOPIX Small 2
20260430,昭和産業,2004,食料品,0.0049%,TOPIX Small 2
20260430,中部飼料,2053,食料品,0.0040%,TOPIX Small 2
20260430,フィード・ワン,2060,食料品,0.0028%,TOPIX Small 2
20260430,日本甜菜製糖,2108,食料品,0.0033%,TOPIX Small 2
20260430,ＤＭ三井製糖,2109,食料品,0.0052%,TOPIX Small 1
20260430,ウェルネオシュガー,2117,食料品,0.0028%,TOPIX Small 2
20260430,ＬＩＦＵＬＬ,2120,サービス業,0.0013%,TOPIX Small 2
20260430,ＭＩＸＩ,2121,情報・通信業,0.0092%,TOPIX Small 1
20260430,ジェイエイシーリクルートメント,2124,サービス業,0.0061%,TOPIX Small 1
20260430,日本Ｍ＆Ａセンターホールディングス,2127,サービス業,0.0205%,TOPIX Mid400
20260430,フィットイージー,212A,サービス業,0.0014%,TOPIX Small 2
20260430,メンバーズ,2130,サービス業,0.0007%,TOPIX Small 2
20260430,ＵＴグループ,2146,サービス業,0.0071%,TOPIX Small 1
20260430,アイティメディア,2148,サービス業,0.0017%,TOPIX Small 2
20260430,Ｅ・Ｊホールディングス,2153,サービス業,0.0024%,TOPIX Small 2
20260430,オープンアップグループ,2154,サービス業,0.0102%,TOPIX Small 1
20260430,コシダカホールディングス,2157,サービス業,0.0054%,TOPIX Small 1
20260430,パソナグループ,2168,サービス業,0.0033%,TOPIX Small 1
20260430,リンクアンドモチベーション,2170,サービス業,0.0026%,TOPIX Small 2
20260430,エス・エム・エス,2175,サービス業,0.0133%,TOPIX Small 1
20260430,パーソルホールディングス,2181,サービス業,0.0418%,TOPIX Mid400
20260430,クックパッド,2193,サービス業,0.0004%,TOPIX Small 2
20260430,森永製菓,2201,食料品,0.0197%,TOPIX Mid400
20260430,中村屋,2204,食料品,0.0015%,TOPIX Small 2
20260430,江崎グリコ,2206,食料品,0.0304%,TOPIX Mid400
20260430,ｍｅｉｔｏ,2207,食料品,0.0026%,TOPIX Small 2
20260430,井村屋グループ,2209,食料品,0.0024%,TOPIX Small 2
20260430,不二家,2211,食料品,0.0031%,TOPIX Small 2
20260430,山崎製パン,2212,食料品,0.0413%,TOPIX Mid400
20260430,モロゾフ,2217,食料品,0.0026%,TOPIX Small 2
20260430,亀田製菓,2220,食料品,0.0051%,TOPIX Small 1
20260430,寿スピリッツ,2222,食料品,0.0201%,TOPIX Mid400
20260430,カルビー,2229,食料品,0.0255%,TOPIX Mid400
20260430,森永乳業,2264,食料品,0.0321%,TOPIX Mid400
20260430,六甲バター,2266,食料品,0.0017%,TOPIX Small 2
20260430,ヤクルト本社,2267,食料品,0.0661%,TOPIX Mid400
20260430,明治ホールディングス,2269,食料品,0.0971%,TOPIX Mid400
20260430,雪印メグミルク,2270,食料品,0.0144%,TOPIX Small 1
20260430,プリマハム,2281,食料品,0.0063%,TOPIX Small 1
20260430,日本ハム,2282,食料品,0.0459%,TOPIX Mid400
20260430,丸大食品,2288,食料品,0.0043%,TOPIX Small 2
20260430,Ｓ　Ｆｏｏｄｓ,2292,食料品,0.0059%,TOPIX Small 1
20260430,柿安本店,2294,食料品,0.0020%,TOPIX Small 2
20260430,伊藤ハム米久ホールディングス,2296,食料品,0.0171%,TOPIX Small 1
20260430,学情,2301,サービス業,0.0014%,TOPIX Small 2
20260430,スタジオアリス,2305,サービス業,0.0018%,TOPIX Small 2
20260430,クロスキャット,2307,情報・通信業,0.0010%,TOPIX Small 2
20260430,システナ,2317,情報・通信業,0.0117%,TOPIX Small 1
20260430,ＮＪＳ,2325,サービス業,0.0027%,TOPIX Small 2
20260430,デジタルアーツ,2326,情報・通信業,0.0056%,TOPIX Small 1
20260430,日鉄ソリューションズ,2327,情報・通信業,0.0188%,TOPIX Mid400
20260430,ＡＬＳＯＫ,2331,サービス業,0.0389%,TOPIX Mid400
20260430,キューブシステム,2335,情報・通信業,0.0011%,TOPIX Small 2
20260430,いちご,2337,不動産業,0.0074%,TOPIX Small 1
20260430,日本駐車場開発,2353,不動産業,0.0055%,TOPIX Small 1
20260430,コア,2359,情報・通信業,0.0017%,TOPIX Small 2
20260430,カカクコム,2371,サービス業,0.0334%,TOPIX Mid400
20260430,ルネサンス,2378,サービス業,0.0015%,TOPIX Small 2
20260430,ディップ,2379,サービス業,0.0063%,TOPIX Small 1
20260430,ＳＢＳホールディングス,2384,陸運業,0.0071%,TOPIX Small 1
20260430,新日本科学,2395,サービス業,0.0030%,TOPIX Small 2
20260430,エムスリー,2413,サービス業,0.0583%,TOPIX Mid400
20260430,ワールドホールディングス,2429,サービス業,0.0023%,TOPIX Small 2
20260430,ディー・エヌ・エー,2432,情報・通信業,0.0199%,TOPIX Mid400
20260430,博報堂ＤＹホールディングス,2433,サービス業,0.0245%,TOPIX Mid400
20260430,ぐるなび,2440,サービス業,0.0005%,TOPIX Small 2
20260430,タカミヤ,2445,サービス業,0.0010%,TOPIX Small 2
20260430,ファンコミュニケーションズ,2461,サービス業,0.0013%,TOPIX Small 2
20260430,ライク,2462,サービス業,0.0016%,TOPIX Small 2
20260430,エスプール,2471,サービス業,0.0012%,TOPIX Small 2
20260430,ＷＤＢホールディングス,2475,サービス業,0.0013%,TOPIX Small 2
20260430,手間いらず,2477,情報・通信業,0.0006%,TOPIX Small 2
20260430,アドウェイズ,2489,サービス業,0.0006%,TOPIX Small 2
20260430,バリューコマース,2491,サービス業,0.0008%,TOPIX Small 2
20260430,インフォマート,2492,サービス業,0.0080%,TOPIX Small 1
20260430,サッポロホールディングス,2501,食料品,0.0495%,TOPIX Mid400
20260430,アサヒグループホールディングス,2502,食料品,0.2185%,TOPIX Large70
20260430,キリンホールディングス,2503,食料品,0.1733%,TOPIX Large70
20260430,シマダヤ,250A,食料品,0.0015%,TOPIX Small 2
20260430,宝ホールディングス,2531,食料品,0.0274%,TOPIX Mid400
20260430,オエノンホールディングス,2533,食料品,0.0023%,TOPIX Small 2
20260430,養命酒製造,2540,食料品,0.0011%,TOPIX Small 2
20260430,飛島ホールディングス,256A,建設業,0.0039%,TOPIX Small 2
20260430,コカ・コーラ　ボトラーズジャパンホールディングス,2579,食料品,0.0418%,TOPIX Mid400
20260430,ライフドリンク　カンパニー,2585,食料品,0.0047%,TOPIX Small 1
20260430,サントリービバレッジ＆フード,2587,食料品,0.0595%,TOPIX Mid400
20260430,ダイドーグループホールディングス,2590,食料品,0.0054%,TOPIX Small 1
20260430,伊藤園,2593,食料品,0.0176%,TOPIX Mid400
20260430,キーコーヒー,2594,食料品,0.0042%,TOPIX Small 2
20260430,日清オイリオグループ,2602,食料品,0.0144%,TOPIX Small 1
20260430,不二製油,2607,食料品,0.0125%,TOPIX Mid400
20260430,Ｊ－オイルミルズ,2613,食料品,0.0042%,TOPIX Small 2
20260430,インターメスティック,262A,小売業,0.0018%,TOPIX Small 2
20260430,サンエー,2659,小売業,0.0150%,TOPIX Small 1
20260430,カワチ薬品,2664,小売業,0.0047%,TOPIX Small 1
20260430,エービーシー・マート,2670,小売業,0.0283%,TOPIX Mid400
20260430,ハードオフコーポレーション,2674,小売業,0.0016%,TOPIX Small 2
20260430,高千穂交易,2676,卸売業,0.0032%,TOPIX Small 2
20260430,アスクル,2678,小売業,0.0045%,TOPIX Small 1
20260430,ゲオホールディングス,2681,小売業,0.0042%,TOPIX Small 1
20260430,アンドエスティＨＤ,2685,小売業,0.0084%,TOPIX Small 1
20260430,リガク・ホールディングス,268A,精密機器,0.0305%,TOPIX Small 1
20260430,伊藤忠食品,2692,卸売業,0.0023%,TOPIX Small 2
20260430,くら寿司,2695,小売業,0.0081%,TOPIX Small 1
20260430,キャンドゥ,2698,小売業,0.0023%,TOPIX Small 2
20260430,パルグループホールディングス,2726,小売業,0.0119%,TOPIX Small 1
20260430,エディオン,2730,小売業,0.0204%,TOPIX Small 1
20260430,あらた,2733,卸売業,0.0086%,TOPIX Small 1
20260430,サーラコーポレーション,2734,小売業,0.0044%,TOPIX Small 2
20260430,トーメンデバイス,2737,卸売業,0.0044%,TOPIX Small 2
20260430,ハローズ,2742,小売業,0.0036%,TOPIX Small 2
20260430,ＪＰホールディングス,2749,サービス業,0.0033%,TOPIX Small 1
20260430,フジオフードグループ本社,2752,小売業,0.0036%,TOPIX Small 1
20260430,あみやき亭,2753,小売業,0.0020%,TOPIX Small 2
20260430,東京エレクトロン　デバイス,2760,卸売業,0.0070%,TOPIX Small 1
20260430,円谷フィールズホールディングス,2767,卸売業,0.0053%,TOPIX Small 1
20260430,双日,2768,卸売業,0.1142%,TOPIX Mid400
20260430,アルフレッサ　ホールディングス,2784,卸売業,0.0452%,TOPIX Mid400
20260430,大黒天物産,2791,小売業,0.0035%,TOPIX Small 1
20260430,ハニーズホールディングス,2792,小売業,0.0026%,TOPIX Small 2
20260430,キッコーマン,2801,食料品,0.0888%,TOPIX Mid400
20260430,味の素,2802,食料品,0.4618%,TOPIX Large70
20260430,ブルドックソース,2804,食料品,0.0017%,TOPIX Small 2
20260430,キユーピー,2809,食料品,0.0421%,TOPIX Mid400
20260430,ハウス食品グループ本社,2810,食料品,0.0211%,TOPIX Mid400
20260430,カゴメ,2811,食料品,0.0262%,TOPIX Mid400
20260430,アリアケジャパン,2815,食料品,0.0114%,TOPIX Small 1
20260430,エバラ食品工業,2819,食料品,0.0012%,TOPIX Small 2
20260430,キオクシアホールディングス,285A,電気機器,0.4392%,TOPIX Mid400
20260430,ニチレイ,2871,食料品,0.0311%,TOPIX Mid400
20260430,横浜冷凍,2874,卸売業,0.0077%,TOPIX Small 1
20260430,東洋水産,2875,食料品,0.0939%,TOPIX Mid400
20260430,イートアンドホールディングス,2882,食料品,0.0018%,TOPIX Small 2
20260430,ヨシムラ・フード・ホールディングス,2884,食料品,0.0009%,TOPIX Small 2
20260430,日清食品ホールディングス,2897,食料品,0.0595%,TOPIX Mid400
20260430,フジッコ,2908,食料品,0.0033%,TOPIX Small 2
20260430,ロック・フィールド,2910,食料品,0.0027%,TOPIX Small 2
20260430,日本たばこ産業,2914,食料品,0.6698%,TOPIX Core30
20260430,ケンコーマヨネーズ,2915,食料品,0.0025%,TOPIX Small 2
20260430,わらべや日洋ホールディングス,2918,食料品,0.0035%,TOPIX Small 1
20260430,なとり,2922,食料品,0.0022%,TOPIX Small 2
20260430,ファーマフーズ,2929,食料品,0.0015%,TOPIX Small 2
20260430,北の達人コーポレーション,2930,化学,0.0011%,TOPIX Small 2
20260430,ユーグレナ,2931,食料品,0.0052%,TOPIX Small 1
20260430,紀文食品,2933,食料品,0.0017%,TOPIX Small 2
20260430,ピックルスホールディングス,2935,食料品,0.0012%,TOPIX Small 2
20260430,スター・マイカ・ホールディングス,2975,不動産業,0.0032%,TOPIX Small 2
20260430,ＳＲＥホールディングス,2980,不動産業,0.0033%,TOPIX Small 2
20260430,片倉工業,3001,繊維製品,0.0052%,TOPIX Small 2
20260430,グンゼ,3002,繊維製品,0.0098%,TOPIX Small 1
20260430,ヒューリック,3003,不動産業,0.0968%,TOPIX Mid400
20260430,ラサ商事,3023,卸売業,0.0019%,TOPIX Small 2
20260430,アルペン,3028,小売業,0.0038%,TOPIX Small 1
20260430,ラクーンホールディングス,3031,情報・通信業,0.0010%,TOPIX Small 2
20260430,クオールホールディングス,3034,小売業,0.0044%,TOPIX Small 1
20260430,アルコニックス,3036,卸売業,0.0077%,TOPIX Small 1
20260430,神戸物産,3038,卸売業,0.0471%,TOPIX Mid400
20260430,ソリトンシステムズ,3040,情報・通信業,0.0018%,TOPIX Small 2
20260430,ジンズホールディングス,3046,小売業,0.0102%,TOPIX Small 1
20260430,ビックカメラ,3048,小売業,0.0196%,TOPIX Mid400
20260430,ＤＣＭホールディングス,3050,小売業,0.0153%,TOPIX Small 1
20260430,ペッパーフードサービス,3053,小売業,0.0013%,TOPIX Small 2
20260430,ＭｏｎｏｔａＲＯ,3064,小売業,0.0532%,TOPIX Mid400
20260430,あい　ホールディングス,3076,卸売業,0.0109%,TOPIX Small 1
20260430,Ｊ．フロント　リテイリング,3086,小売業,0.0530%,TOPIX Mid400
20260430,ドトール・日レスホールディングス,3087,小売業,0.0099%,TOPIX Small 1
20260430,マツキヨココカラ＆カンパニー,3088,小売業,0.0803%,TOPIX Mid400
20260430,ブロンコビリー,3091,小売業,0.0049%,TOPIX Small 1
20260430,ＺＯＺＯ,3092,小売業,0.0336%,TOPIX Mid400
20260430,トレジャー・ファクトリー,3093,小売業,0.0024%,TOPIX Small 2
20260430,物語コーポレーション,3097,小売業,0.0165%,TOPIX Small 1
20260430,三越伊勢丹ホールディングス,3099,小売業,0.0934%,TOPIX Mid400
20260430,東洋紡,3101,化学,0.0118%,TOPIX Small 1
20260430,ユニチカ,3103,繊維製品,0.0161%,TOPIX Small 2
20260430,富士紡ホールディングス,3104,繊維製品,0.0104%,TOPIX Small 2
20260430,日清紡ホールディングス,3105,電気機器,0.0299%,TOPIX Mid400
20260430,倉敷紡績,3106,繊維製品,0.0127%,TOPIX Small 1
20260430,ダイワボウホールディングス,3107,卸売業,0.0243%,TOPIX Mid400
20260430,シキボウ,3109,繊維製品,0.0014%,TOPIX Small 2
20260430,日東紡績,3110,ガラス・土石製品,0.0692%,TOPIX Small 1
20260430,トヨタ紡織,3116,輸送用機器,0.0207%,TOPIX Mid400
20260430,マクニカホールディングス,3132,卸売業,0.0372%,TOPIX Mid400
20260430,Ｈａｍｅｅ,3134,小売業,0.0004%,TOPIX Small 2
20260430,ラクト・ジャパン,3139,卸売業,0.0029%,TOPIX Small 2
20260430,クリエイトＳＤホールディングス,3148,小売業,0.0094%,TOPIX Small 1
20260430,グリムス,3150,電気・ガス業,0.0019%,TOPIX Small 2
20260430,バイタルケーエスケー・ホールディングス,3151,卸売業,0.0039%,TOPIX Small 2
20260430,八洲電機,3153,卸売業,0.0044%,TOPIX Small 2
20260430,メディアスホールディングス,3154,卸売業,0.0011%,TOPIX Small 2
20260430,レスター,3156,卸売業,0.0049%,TOPIX Small 2
20260430,ＴＯＫＡＩホールディングス,3167,卸売業,0.0125%,TOPIX Small 1
20260430,三洋貿易,3176,卸売業,0.0039%,TOPIX Small 2
20260430,シュッピン,3179,小売業,0.0023%,TOPIX Small 2
20260430,ビューティガレージ,3180,卸売業,0.0010%,TOPIX Small 2
20260430,オイシックス・ラ・大地,3182,小売業,0.0041%,TOPIX Small 1
20260430,ウイン・パートナーズ,3183,卸売業,0.0018%,TOPIX Small 2
20260430,ネクステージ,3186,小売業,0.0157%,TOPIX Small 1
20260430,ジョイフル本田,3191,小売業,0.0122%,TOPIX Small 1
20260430,エターナルホスピタリティグループ,3193,小売業,0.0025%,TOPIX Small 2
20260430,ホットランドホールディングス,3196,小売業,0.0029%,TOPIX Small 2
20260430,すかいらーくホールディングス,3197,小売業,0.0830%,TOPIX Mid400
20260430,ＳＦＰホールディングス,3198,小売業,0.0026%,TOPIX Small 2
20260430,綿半ホールディングス,3199,小売業,0.0022%,TOPIX Small 2
20260430,日本毛織,3201,繊維製品,0.0085%,TOPIX Small 1
20260430,ヨシックスホールディングス,3221,小売業,0.0019%,TOPIX Small 2
20260430,ユナイテッド・スーパーマーケット・ホールディングス,3222,小売業,0.0081%,TOPIX Small 1
20260430,野村不動産ホールディングス,3231,不動産業,0.0533%,TOPIX Mid400
20260430,三重交通グループホールディングス,3232,不動産業,0.0024%,TOPIX Small 2
20260430,ディア・ライフ,3245,不動産業,0.0039%,TOPIX Small 2
20260430,地主,3252,不動産業,0.0052%,TOPIX Small 2
20260430,フィル・カンパニー,3267,建設業,0.0003%,TOPIX Small 2
20260430,ＪＰＭＣ,3276,不動産業,0.0013%,TOPIX Small 2
20260430,フージャースホールディングス,3284,不動産業,0.0039%,TOPIX Small 2
20260430,オープンハウスグループ,3288,不動産業,0.0534%,TOPIX Mid400
20260430,東急不動産ホールディングス,3289,不動産業,0.0687%,TOPIX Mid400
20260430,飯田グループホールディングス,3291,不動産業,0.0354%,TOPIX Mid400
20260430,帝国繊維,3302,繊維製品,0.0054%,TOPIX Small 2
20260430,日本コークス工業,3315,石油・石炭製品,0.0020%,TOPIX Small 2
20260430,あさひ,3333,小売業,0.0022%,TOPIX Small 2
20260430,コスモス薬品,3349,小売業,0.0207%,TOPIX Mid400
20260430,シップヘルスケアホールディングス,3360,卸売業,0.0172%,TOPIX Mid400
20260430,ソフトクリエイトホールディングス,3371,情報・通信業,0.0028%,TOPIX Small 2
20260430,セブン＆アイ・ホールディングス,3382,小売業,0.4174%,TOPIX Core30
20260430,クリエイト・レストランツ・ホールディングス,3387,小売業,0.0217%,TOPIX Small 1
20260430,明治電機工業,3388,卸売業,0.0020%,TOPIX Small 2
20260430,ツルハホールディングス,3391,小売業,0.0650%,TOPIX Mid400
20260430,サンマルクホールディングス,3395,小売業,0.0048%,TOPIX Small 1
20260430,トリドールホールディングス,3397,小売業,0.0231%,TOPIX Mid400
20260430,帝人,3401,繊維製品,0.0267%,TOPIX Mid400
20260430,東レ,3402,繊維製品,0.1445%,TOPIX Mid400
20260430,クラレ,3405,化学,0.0398%,TOPIX Mid400
20260430,旭化成,3407,化学,0.1945%,TOPIX Large70
20260430,ＴＯＫＹＯ　ＢＡＳＥ,3415,小売業,0.0012%,TOPIX Small 2
20260430,稲葉製作所,3421,金属製品,0.0016%,TOPIX Small 2
20260430,宮地エンジニアリンググループ,3431,金属製品,0.0042%,TOPIX Small 1
20260430,トーカロ,3433,金属製品,0.0178%,TOPIX Small 1
20260430,ＳＵＭＣＯ,3436,金属製品,0.0928%,TOPIX Mid400
20260430,川田テクノロジーズ,3443,金属製品,0.0067%,TOPIX Small 2
20260430,ＲＳ　Ｔｅｃｈｎｏｌｏｇｉｅｓ,3445,金属製品,0.0080%,TOPIX Small 1
20260430,Ａｎｄ　Ｄｏホールディングス,3457,不動産業,0.0011%,TOPIX Small 2
20260430,ケイアイスター不動産,3465,不動産業,0.0050%,TOPIX Small 1
20260430,グッドコムアセット,3475,不動産業,0.0029%,TOPIX Small 2
20260430,ジェイ・エス・ビー,3480,不動産業,0.0040%,TOPIX Small 2
20260430,ロードスターキャピタル,3482,不動産業,0.0032%,TOPIX Small 2
20260430,アズーム,3496,不動産業,0.0018%,TOPIX Small 2
20260430,霞ヶ関キャピタル,3498,不動産業,0.0124%,TOPIX Small 1
20260430,ＪＭホールディングス,3539,小売業,0.0045%,TOPIX Small 2
20260430,コメダホールディングス,3543,卸売業,0.0151%,TOPIX Small 1
20260430,アレンザホールディングス,3546,小売業,0.0006%,TOPIX Small 2
20260430,ユニシアホールディングス,3547,小売業,0.0011%,TOPIX Small 2
20260430,バロックジャパンリミテッド,3548,小売業,0.0017%,TOPIX Small 2
20260430,クスリのアオキホールディングス,3549,小売業,0.0179%,TOPIX Mid400
20260430,力の源ホールディングス,3561,小売業,0.0022%,TOPIX Small 2
20260430,ＦＯＯＤ　＆　ＬＩＦＥ　ＣＯＭＰＡＮＩＥＳ,3563,小売業,0.1052%,TOPIX Mid400
20260430,アセンテック,3565,卸売業,0.0011%,TOPIX Small 2
20260430,セーレン,3569,繊維製品,0.0132%,TOPIX Small 1
20260430,小松マテーレ,3580,繊維製品,0.0018%,TOPIX Small 2
20260430,ワコールホールディングス,3591,繊維製品,0.0173%,TOPIX Mid400
20260430,ホギメディカル,3593,繊維製品,0.0032%,TOPIX Small 1
20260430,ＴＳＩホールディングス,3608,繊維製品,0.0065%,TOPIX Small 1
20260430,ワールド,3612,繊維製品,0.0096%,TOPIX Small 1
20260430,ＴＩＳ,3626,情報・通信業,0.0668%,TOPIX Mid400
20260430,グリーホールディングス,3632,情報・通信業,0.0023%,TOPIX Small 2
20260430,ＧＭＯペパボ,3633,情報・通信業,0.0004%,TOPIX Small 2
20260430,コーエーテクモホールディングス,3635,情報・通信業,0.0184%,TOPIX Mid400
20260430,三菱総合研究所,3636,情報・通信業,0.0046%,TOPIX Small 1
20260430,ファインデックス,3649,情報・通信業,0.0011%,TOPIX Small 2
20260430,ＫＬａｂ,3656,情報・通信業,0.0012%,TOPIX Small 2
20260430,ポールトゥウィンホールディングス,3657,情報・通信業,0.0008%,TOPIX Small 2
20260430,ネクソン,3659,情報・通信業,0.1196%,TOPIX Mid400
20260430,アイスタイル,3660,情報・通信業,0.0034%,TOPIX Small 1
20260430,エムアップホールディングス,3661,情報・通信業,0.0034%,TOPIX Small 1
20260430,エイチームホールディングス,3662,情報・通信業,0.0013%,TOPIX Small 2
20260430,セルシス,3663,情報・通信業,0.0034%,TOPIX Small 2
20260430,エニグモ,3665,情報・通信業,0.0008%,TOPIX Small 2
20260430,コロプラ,3668,情報・通信業,0.0028%,TOPIX Small 1
20260430,ブロードリーフ,3673,情報・通信業,0.0063%,TOPIX Small 1
20260430,デジタルハーツホールディングス,3676,情報・通信業,0.0010%,TOPIX Small 2
20260430,メディアドゥ,3678,情報・通信業,0.0008%,TOPIX Small 2
20260430,じげん,3679,情報・通信業,0.0022%,TOPIX Small 2
20260430,ブイキューブ,3681,情報・通信業,0.0001%,TOPIX Small 2
20260430,フィックスターズ,3687,情報・通信業,0.0033%,TOPIX Small 2
20260430,北里コーポレーション,368A,精密機器,0.0027%,TOPIX Small 2
20260430,オプティム,3694,情報・通信業,0.0008%,TOPIX Small 2
20260430,セレス,3696,情報・通信業,0.0016%,TOPIX Small 2
20260430,ＳＨＩＦＴ,3697,情報・通信業,0.0125%,TOPIX Mid400
20260430,特種東海製紙,3708,パルプ・紙,0.0053%,TOPIX Small 2
20260430,セック,3741,情報・通信業,0.0018%,TOPIX Small 2
20260430,テクマトリックス,3762,情報・通信業,0.0069%,TOPIX Small 1
20260430,プロシップ,3763,情報・通信業,0.0024%,TOPIX Small 2
20260430,ガンホー・オンライン・エンターテイメント,3765,情報・通信業,0.0110%,TOPIX Small 1
20260430,ＧＭＯペイメントゲートウェイ,3769,情報・通信業,0.0340%,TOPIX Mid400
20260430,システムリサーチ,3771,情報・通信業,0.0024%,TOPIX Small 2
20260430,インターネットイニシアティブ,3774,情報・通信業,0.0290%,TOPIX Mid400
20260430,さくらインターネット,3778,情報・通信業,0.0084%,TOPIX Small 1
20260430,ＧＭＯグローバルサイン・ホールディングス,3788,情報・通信業,0.0011%,TOPIX Small 2
20260430,ＳＲＡホールディングス,3817,情報・通信業,0.0049%,TOPIX Small 2
20260430,朝日ネット,3834,情報・通信業,0.0013%,TOPIX Small 2
20260430,ｅＢＡＳＥ,3835,情報・通信業,0.0009%,TOPIX Small 2
20260430,アバントグループ,3836,情報・通信業,0.0026%,TOPIX Small 2
20260430,アドソル日進,3837,情報・通信業,0.0022%,TOPIX Small 2
20260430,フリービット,3843,情報・通信業,0.0014%,TOPIX Small 2
20260430,コムチュア,3844,情報・通信業,0.0034%,TOPIX Small 1
20260430,アステリア,3853,情報・通信業,0.0022%,TOPIX Small 2
20260430,アイル,3854,情報・通信業,0.0030%,TOPIX Small 2
20260430,王子ホールディングス,3861,パルプ・紙,0.0596%,TOPIX Mid400
20260430,日本製紙,3863,パルプ・紙,0.0142%,TOPIX Small 1
20260430,北越コーポレーション,3865,パルプ・紙,0.0083%,TOPIX Small 1
20260430,大王製紙,3880,パルプ・紙,0.0092%,TOPIX Small 1
20260430,マークラインズ,3901,情報・通信業,0.0017%,TOPIX Small 2
20260430,ｇｕｍｉ,3903,情報・通信業,0.0011%,TOPIX Small 2
20260430,テラスカイ,3915,情報・通信業,0.0011%,TOPIX Small 2
20260430,デジタル・インフォメーション・テクノロジー,3916,情報・通信業,0.0018%,TOPIX Small 2
20260430,ネオジャパン,3921,情報・通信業,0.0008%,TOPIX Small 2
20260430,ＰＲ　ＴＩＭＥＳ,3922,情報・通信業,0.0008%,TOPIX Small 2
20260430,ラクス,3923,情報・通信業,0.0152%,TOPIX Mid400
20260430,ダブルスタンダード,3925,情報・通信業,0.0009%,TOPIX Small 2
20260430,オープンドア,3926,情報・通信業,0.0003%,TOPIX Small 2
20260430,アカツキ,3932,情報・通信業,0.0026%,TOPIX Small 2
20260430,Ｕｂｉｃｏｍホールディングス,3937,情報・通信業,0.0006%,TOPIX Small 2
20260430,カナミックネットワーク,3939,情報・通信業,0.0013%,TOPIX Small 2
20260430,レンゴー,3941,パルプ・紙,0.0238%,TOPIX Mid400
20260430,トーモク,3946,パルプ・紙,0.0039%,TOPIX Small 2
20260430,ザ・パック,3950,パルプ・紙,0.0050%,TOPIX Small 2
20260430,チェンジホールディングス,3962,情報・通信業,0.0033%,TOPIX Small 1
20260430,オークネット,3964,情報・通信業,0.0041%,TOPIX Small 2
20260430,オロ,3983,情報・通信業,0.0016%,TOPIX Small 2
20260430,ユーザーローカル,3984,情報・通信業,0.0013%,TOPIX Small 2
20260430,ＰＫＳＨＡ　Ｔｅｃｈｎｏｌｏｇｙ,3993,情報・通信業,0.0068%,TOPIX Small 1
20260430,マネーフォワード,3994,情報・通信業,0.0206%,TOPIX Mid400
20260430,レゾナック・ホールディングス,4004,化学,0.2626%,TOPIX Mid400
20260430,住友化学,4005,化学,0.0784%,TOPIX Mid400
20260430,住友精化,4008,化学,0.0048%,TOPIX Small 1
20260430,日産化学,4021,化学,0.0652%,TOPIX Mid400
20260430,ラサ工業,4022,化学,0.0066%,TOPIX Small 2
20260430,クレハ,4023,化学,0.0111%,TOPIX Small 1
20260430,多木化学,4025,化学,0.0034%,TOPIX Small 2
20260430,テイカ,4027,化学,0.0026%,TOPIX Small 2
20260430,石原産業,4028,化学,0.0096%,TOPIX Small 1
20260430,日本曹達,4041,化学,0.0143%,TOPIX Small 1
20260430,東ソー,4042,化学,0.0672%,TOPIX Mid400
20260430,トクヤマ,4043,化学,0.0267%,TOPIX Mid400
20260430,セントラル硝子,4044,化学,0.0099%,TOPIX Small 1
20260430,東亞合成,4045,化学,0.0131%,TOPIX Mid400
20260430,大阪ソーダ,4046,化学,0.0125%,TOPIX Small 1
20260430,関東電化工業,4047,化学,0.0062%,TOPIX Small 1
20260430,ＧＭＯフィナンシャルゲート,4051,情報・通信業,0.0020%,TOPIX Small 2
20260430,Ｓｕｎ　Ａｓｔｅｒｉｓｋ,4053,情報・通信業,0.0007%,TOPIX Small 2
20260430,デンカ,4061,化学,0.0311%,TOPIX Mid400
20260430,イビデン,4062,電気機器,0.3253%,TOPIX Mid400
20260430,信越化学工業,4063,化学,1.2320%,TOPIX Core30
20260430,日本カーバイド工業,4064,化学,0.0025%,TOPIX Small 2
20260430,プラスアルファ・コンサルティング,4071,情報・通信業,0.0059%,TOPIX Small 1
20260430,電算システムホールディングス,4072,情報・通信業,0.0024%,TOPIX Small 2
20260430,堺化学工業,4078,化学,0.0055%,TOPIX Small 1
20260430,第一稀元素化学工業,4082,化学,0.0044%,TOPIX Small 2
20260430,エア・ウォーター,4088,化学,0.0400%,TOPIX Mid400
20260430,日本酸素ホールディングス,4091,化学,0.1199%,TOPIX Mid400
20260430,日本化学工業,4092,化学,0.0026%,TOPIX Small 2
20260430,日本パーカライジング,4095,化学,0.0137%,TOPIX Small 1
20260430,高圧ガス工業,4097,化学,0.0031%,TOPIX Small 2
20260430,四国化成ホールディングス,4099,化学,0.0109%,TOPIX Small 2
20260430,オリオンビール,409A,食料品,0.0055%,TOPIX Small 2
20260430,戸田工業,4100,化学,0.0006%,TOPIX Small 2
20260430,ステラ　ケミファ,4109,化学,0.0055%,TOPIX Small 1
20260430,保土谷化学工業,4112,化学,0.0030%,TOPIX Small 2
20260430,日本触媒,4114,化学,0.0254%,TOPIX Mid400
20260430,大日精化工業,4116,化学,0.0055%,TOPIX Small 2
20260430,カネカ,4118,化学,0.0220%,TOPIX Mid400
20260430,協和キリン,4151,医薬品,0.0532%,TOPIX Mid400
20260430,ブルーゾーンホールディングス,417A,小売業,0.0209%,TOPIX Mid400
20260430,Ａｐｐｉｅｒ　Ｇｒｏｕｐ,4180,情報・通信業,0.0065%,TOPIX Small 1
20260430,三菱瓦斯化学,4182,化学,0.0598%,TOPIX Mid400
20260430,三井化学,4183,化学,0.0652%,TOPIX Mid400
20260430,東京応化工業,4186,化学,0.0829%,TOPIX Mid400
20260430,大阪有機化学工業,4187,化学,0.0075%,TOPIX Small 1
20260430,三菱ケミカルグループ,4188,化学,0.1219%,TOPIX Large70
20260430,ＫＨネオケム,4189,化学,0.0088%,TOPIX Small 1
20260430,ビジョナル,4194,情報・通信業,0.0191%,TOPIX Mid400
20260430,ダイセル,4202,化学,0.0258%,TOPIX Mid400
20260430,住友ベークライト,4203,化学,0.0346%,TOPIX Mid400
20260430,積水化学工業,4204,化学,0.0946%,TOPIX Mid400
20260430,日本ゼオン,4205,化学,0.0245%,TOPIX Mid400
20260430,アイカ工業,4206,化学,0.0170%,TOPIX Mid400
20260430,ＵＢＥ,4208,化学,0.0233%,TOPIX Mid400
20260430,積水樹脂,4212,化学,0.0048%,TOPIX Small 1
20260430,旭有機材,4216,化学,0.0073%,TOPIX Small 1
20260430,ニチバン,4218,化学,0.0022%,TOPIX Small 2
20260430,リケンテクノス,4220,化学,0.0055%,TOPIX Small 2
20260430,大倉工業,4221,化学,0.0048%,TOPIX Small 2
20260430,積水化成品工業,4228,化学,0.0014%,TOPIX Small 2
20260430,群栄化学工業,4229,化学,0.0023%,TOPIX Small 2
20260430,ダイキョーニシカワ,4246,化学,0.0035%,TOPIX Small 2
20260430,森六,4249,化学,0.0025%,TOPIX Small 2
20260430,恵和,4251,化学,0.0015%,TOPIX Small 2
20260430,日本化薬,4272,化学,0.0237%,TOPIX Mid400
20260430,カーリット,4275,化学,0.0045%,TOPIX Small 2
20260430,ＣＬホールディングス,4286,サービス業,0.0007%,TOPIX Small 2
20260430,プレステージ・インターナショナル,4290,サービス業,0.0048%,TOPIX Small 1
20260430,ハイマックス,4299,情報・通信業,0.0006%,TOPIX Small 2
20260430,テクセンドフォトマスク,429A,その他製品,0.0289%,TOPIX Small 2
20260430,アミューズ,4301,サービス業,0.0021%,TOPIX Small 2
20260430,野村総合研究所,4307,情報・通信業,0.1547%,TOPIX Large70
20260430,ドリームインキュベータ,4310,サービス業,0.0015%,TOPIX Small 2
20260430,クイック,4318,サービス業,0.0041%,TOPIX Small 2
20260430,日本システム技術,4323,情報・通信業,0.0034%,TOPIX Small 2
20260430,電通グループ,4324,サービス業,0.0567%,TOPIX Mid400
20260430,インテージホールディングス,4326,情報・通信業,0.0024%,TOPIX Small 2
20260430,テイクアンドギヴ・ニーズ,4331,サービス業,0.0006%,TOPIX Small 2
20260430,ぴあ,4337,サービス業,0.0031%,TOPIX Small 2
20260430,イオンファンタジー,4343,サービス業,0.0022%,TOPIX Small 2
20260430,ソースネクスト,4344,情報・通信業,0.0012%,TOPIX Small 2
20260430,シーティーエス,4345,サービス業,0.0021%,TOPIX Small 2
20260430,メディカルシステムネットワーク,4350,小売業,0.0010%,TOPIX Small 2
20260430,日本精化,4362,化学,0.0030%,TOPIX Small 2
20260430,扶桑化学工業,4368,化学,0.0198%,TOPIX Small 1
20260430,トリケミカル研究所,4369,化学,0.0074%,TOPIX Small 1
20260430,シンプレクス・ホールディングス,4373,情報・通信業,0.0134%,TOPIX Small 1
20260430,ＨＥＲＯＺ,4382,情報・通信業,0.0006%,TOPIX Small 2
20260430,ラクスル,4384,情報・通信業,0.0025%,TOPIX Small 1
20260430,メルカリ,4385,情報・通信業,0.0311%,TOPIX Mid400
20260430,アイ・ピー・エス,4390,情報・通信業,0.0018%,TOPIX Small 2
20260430,システムサポートホールディングス,4396,情報・通信業,0.0017%,TOPIX Small 2
20260430,ＡＤＥＫＡ,4401,化学,0.0291%,TOPIX Mid400
20260430,日油,4403,化学,0.0705%,TOPIX Mid400
20260430,ハリマ化成グループ,4410,化学,0.0013%,TOPIX Small 2
20260430,ボードルア,4413,情報・通信業,0.0027%,TOPIX Small 2
20260430,ＮＥ,441A,情報・通信業,0.0006%,TOPIX Small 2
20260430,イーソル,4420,情報・通信業,0.0007%,TOPIX Small 2
20260430,ウイングアーク１ｓｔ,4432,情報・通信業,0.0053%,TOPIX Small 1
20260430,ヒト・コミュニケーションズ・ホールディングス,4433,サービス業,0.0006%,TOPIX Small 2
20260430,サーバーワークス,4434,情報・通信業,0.0008%,TOPIX Small 2
20260430,Ｓａｎｓａｎ,4443,情報・通信業,0.0079%,TOPIX Small 1
20260430,ギフティ,4449,情報・通信業,0.0017%,TOPIX Small 2
20260430,花王,4452,化学,0.2644%,TOPIX Large70
20260430,第一工業製薬,4461,化学,0.0064%,TOPIX Small 2
20260430,石原ケミカル,4462,化学,0.0022%,TOPIX Small 2
20260430,三洋化成工業,4471,化学,0.0059%,TOPIX Small 1
20260430,メドレー,4480,情報・通信業,0.0053%,TOPIX Small 1
20260430,ベース,4481,情報・通信業,0.0026%,TOPIX Small 2
20260430,ＪＭＤＣ,4483,情報・通信業,0.0093%,TOPIX Small 1
20260430,武田薬品工業,4502,医薬品,0.8978%,TOPIX Core30
20260430,アステラス製薬,4503,医薬品,0.3748%,TOPIX Large70
20260430,住友ファーマ,4506,医薬品,0.0331%,TOPIX Mid400
20260430,塩野義製薬,4507,医薬品,0.2214%,TOPIX Large70
20260430,日本新薬,4516,医薬品,0.0240%,TOPIX Mid400
20260430,中外製薬,4519,医薬品,0.4863%,TOPIX Large70
20260430,科研製薬,4521,医薬品,0.0116%,TOPIX Small 1
20260430,エーザイ,4523,医薬品,0.1171%,TOPIX Mid400
20260430,理研ビタミン,4526,食料品,0.0046%,TOPIX Small 2
20260430,ロート製薬,4527,医薬品,0.0465%,TOPIX Mid400
20260430,小野薬品工業,4528,医薬品,0.0985%,TOPIX Mid400
20260430,持田製薬,4534,医薬品,0.0079%,TOPIX Small 2
20260430,参天製薬,4536,医薬品,0.0520%,TOPIX Mid400
20260430,扶桑薬品工業,4538,医薬品,0.0016%,TOPIX Small 2
20260430,ツムラ,4540,医薬品,0.0240%,TOPIX Mid400
20260430,テルモ,4543,精密機器,0.2532%,TOPIX Large70
20260430,Ｈ．Ｕ．グループホールディングス,4544,サービス業,0.0191%,TOPIX Mid400
20260430,キッセイ薬品工業,4547,医薬品,0.0131%,TOPIX Small 1
20260430,生化学工業,4548,医薬品,0.0023%,TOPIX Small 2
20260430,栄研化学,4549,医薬品,0.0084%,TOPIX Small 1
20260430,ＪＣＲファーマ,4552,医薬品,0.0045%,TOPIX Small 1
20260430,東和薬品,4553,医薬品,0.0102%,TOPIX Small 1
20260430,富士製薬工業,4554,医薬品,0.0033%,TOPIX Small 2
20260430,ゼリア新薬工業,4559,医薬品,0.0054%,TOPIX Small 1
20260430,ネクセラファーマ,4565,医薬品,0.0082%,TOPIX Small 1
20260430,第一三共,4568,医薬品,0.4550%,TOPIX Core30
20260430,杏林製薬,4569,医薬品,0.0060%,TOPIX Small 1
20260430,大幸薬品,4574,医薬品,0.0012%,TOPIX Small 2
20260430,ダイト,4577,医薬品,0.0030%,TOPIX Small 2
20260430,大塚ホールディングス,4578,医薬品,0.4860%,TOPIX Large70
20260430,ペプチドリーム,4587,医薬品,0.0107%,TOPIX Mid400
20260430,大日本塗料,4611,化学,0.0026%,TOPIX Small 2
20260430,日本ペイントホールディングス,4612,化学,0.1004%,TOPIX Mid400
20260430,関西ペイント,4613,化学,0.0357%,TOPIX Mid400
20260430,中国塗料,4617,化学,0.0125%,TOPIX Small 1
20260430,藤倉化成,4620,化学,0.0027%,TOPIX Small 2
20260430,太陽ホールディングス,4626,化学,0.0443%,TOPIX Mid400
20260430,ＤＩＣ,4631,化学,0.0243%,TOPIX Mid400
20260430,サカタインクス,4633,化学,0.0099%,TOPIX Small 1
20260430,ａｒｔｉｅｎｃｅ,4634,化学,0.0140%,TOPIX Small 1
20260430,アルプス技研,4641,サービス業,0.0041%,TOPIX Small 2
20260430,サニックスホールディングス,4651,サービス業,0.0006%,TOPIX Small 2
20260430,日本空調サービス,4658,サービス業,0.0033%,TOPIX Small 2
20260430,オリエンタルランド,4661,サービス業,0.2531%,TOPIX Large70
20260430,フォーカスシステムズ,4662,情報・通信業,0.0019%,TOPIX Small 2
20260430,ダスキン,4665,サービス業,0.0176%,TOPIX Mid400
20260430,パーク２４,4666,不動産業,0.0245%,TOPIX Mid400
20260430,明光ネットワークジャパン,4668,サービス業,0.0018%,TOPIX Small 2
20260430,ファルコホールディングス,4671,サービス業,0.0019%,TOPIX Small 2
20260430,クレスコ,4674,情報・通信業,0.0045%,TOPIX Small 2
20260430,フジ・メディア・ホールディングス,4676,情報・通信業,0.0580%,TOPIX Mid400
20260430,ラウンドワン,4680,サービス業,0.0159%,TOPIX Mid400
20260430,リゾートトラスト,4681,サービス業,0.0325%,TOPIX Mid400
20260430,オービック,4684,情報・通信業,0.1479%,TOPIX Mid400
20260430,ジャストシステム,4686,情報・通信業,0.0102%,TOPIX Small 1
20260430,ＴＤＣソフト,4687,情報・通信業,0.0034%,TOPIX Small 2
20260430,ＬＩＮＥヤフー,4689,情報・通信業,0.1216%,TOPIX Large70
20260430,ビー・エム・エル,4694,サービス業,0.0100%,TOPIX Small 1
20260430,トレンドマイクロ,4704,情報・通信業,0.0606%,TOPIX Mid400
20260430,ＩＤホールディングス,4709,情報・通信業,0.0025%,TOPIX Small 2
20260430,リソー教育グループ,4714,サービス業,0.0012%,TOPIX Small 2
20260430,日本オラクル,4716,情報・通信業,0.0317%,TOPIX Mid400
20260430,早稲田アカデミー,4718,サービス業,0.0018%,TOPIX Small 2
20260430,アルファシステムズ,4719,情報・通信業,0.0020%,TOPIX Small 2
20260430,ＮＳグループ,471A,その他金融業,0.0058%,TOPIX Small 2
20260430,フューチャー,4722,情報・通信業,0.0062%,TOPIX Small 1
20260430,ＣＡＣ　Ｈｏｌｄｉｎｇｓ,4725,情報・通信業,0.0021%,TOPIX Small 2
20260430,ユー・エス・エス,4732,サービス業,0.0631%,TOPIX Mid400
20260430,オービックビジネスコンサルタント,4733,情報・通信業,0.0198%,TOPIX Mid400
20260430,アイティフォー,4743,情報・通信業,0.0034%,TOPIX Small 2
20260430,東計電算,4746,情報・通信業,0.0023%,TOPIX Small 2
20260430,サイバーエージェント,4751,サービス業,0.0542%,TOPIX Mid400
20260430,楽天グループ,4755,サービス業,0.1178%,TOPIX Mid400
20260430,クリーク・アンド・リバー社,4763,サービス業,0.0015%,TOPIX Small 2
20260430,ＳＢＩグローバルアセットマネジメント,4765,サービス業,0.0022%,TOPIX Small 2
20260430,テー・オー・ダブリュー,4767,サービス業,0.0014%,TOPIX Small 2
20260430,大塚商会,4768,情報・通信業,0.0629%,TOPIX Mid400
20260430,サイボウズ,4776,情報・通信業,0.0055%,TOPIX Small 1
20260430,ＧＭＯインターネット,4784,サービス業,0.0003%,TOPIX Small 2
20260430,山田コンサルティンググループ,4792,サービス業,0.0014%,TOPIX Small 2
20260430,セントラルスポーツ,4801,サービス業,0.0019%,TOPIX Small 2
20260430,パラカ,4809,不動産業,0.0014%,TOPIX Small 2
20260430,電通総研,4812,情報・通信業,0.0153%,TOPIX Small 1
20260430,デジタルガレージ,4819,情報・通信業,0.0067%,TOPIX Small 1
20260430,イーエムシステムズ,4820,情報・通信業,0.0017%,TOPIX Small 2
20260430,ウェザーニューズ,4825,情報・通信業,0.0055%,TOPIX Small 1
20260430,ＣＩＪ,4826,情報・通信業,0.0023%,TOPIX Small 2
20260430,ビジネスエンジニアリング,4828,情報・通信業,0.0027%,TOPIX Small 2
20260430,ＷＯＷＯＷ,4839,情報・通信業,0.0017%,TOPIX Small 2
20260430,スカラ,4845,情報・通信業,0.0006%,TOPIX Small 2
20260430,フルキャストホールディングス,4848,サービス業,0.0024%,TOPIX Small 2
20260430,エン,4849,サービス業,0.0035%,TOPIX Small 1
20260430,セルソース,4880,医薬品,0.0004%,TOPIX Small 2
20260430,あすか製薬ホールディングス,4886,医薬品,0.0054%,TOPIX Small 2
20260430,サワイグループホールディングス,4887,医薬品,0.0208%,TOPIX Mid400
20260430,富士フイルムホールディングス,4901,化学,0.3336%,TOPIX Large70
20260430,コニカミノルタ,4902,電気機器,0.0215%,TOPIX Mid400
20260430,資生堂,4911,化学,0.1181%,TOPIX Mid400
20260430,ライオン,4912,化学,0.0336%,TOPIX Mid400
20260430,高砂香料工業,4914,化学,0.0084%,TOPIX Small 1
20260430,マンダム,4917,化学,0.0043%,TOPIX Small 1
20260430,ミルボン,4919,化学,0.0077%,TOPIX Small 1
20260430,コーセーホールディングス,4922,化学,0.0241%,TOPIX Mid400
20260430,コタ,4923,化学,0.0023%,TOPIX Small 2
20260430,ポーラ・オルビスホールディングス,4927,化学,0.0127%,TOPIX Mid400
20260430,ノエビアホールディングス,4928,化学,0.0075%,TOPIX Small 1
20260430,新日本製薬,4931,化学,0.0022%,TOPIX Small 2
20260430,Ｉ－ｎｅ,4933,化学,0.0005%,TOPIX Small 2
20260430,アクシージア,4936,化学,0.0004%,TOPIX Small 2
20260430,エステー,4951,化学,0.0026%,TOPIX Small 2
20260430,コニシ,4956,化学,0.0086%,TOPIX Small 2
20260430,長谷川香料,4958,化学,0.0106%,TOPIX Small 1
20260430,小林製薬,4967,化学,0.0291%,TOPIX Mid400
20260430,荒川化学工業,4968,化学,0.0020%,TOPIX Small 2
20260430,メック,4971,化学,0.0130%,TOPIX Small 1
20260430,日本高純度化学,4973,化学,0.0024%,TOPIX Small 2
20260430,タカラバイオ,4974,化学,0.0029%,TOPIX Small 1
20260430,ＪＣＵ,4975,化学,0.0136%,TOPIX Small 1
20260430,ＯＡＴアグリオ,4979,化学,0.0019%,TOPIX Small 2
20260430,デクセリアルズ,4980,化学,0.0396%,TOPIX Mid400
20260430,アース製薬,4985,化学,0.0080%,TOPIX Small 1
20260430,北興化学工業,4992,化学,0.0023%,TOPIX Small 2
20260430,大成ラミックグループ,4994,化学,0.0013%,TOPIX Small 2
20260430,クミアイ化学工業,4996,化学,0.0065%,TOPIX Small 1
20260430,日本農薬,4997,化学,0.0029%,TOPIX Small 2
20260430,ニチレキグループ,5011,石油・石炭製品,0.0041%,TOPIX Small 2
20260430,ユシロ,5013,石油・石炭製品,0.0033%,TOPIX Small 2
20260430,ＪＸ金属,5016,非鉄金属,0.3492%,TOPIX Mid400
20260430,出光興産,5019,石油・石炭製品,0.1116%,TOPIX Mid400
20260430,ＥＮＥＯＳホールディングス,5020,石油・石炭製品,0.3572%,TOPIX Large70
20260430,コスモエネルギーホールディングス,5021,石油・石炭製品,0.0424%,TOPIX Mid400
20260430,ＡＮＹＣＯＬＯＲ,5032,情報・通信業,0.0084%,TOPIX Small 1
20260430,日本ビジネスシステムズ,5036,情報・通信業,0.0030%,TOPIX Small 2
20260430,テスホールディングス,5074,建設業,0.0039%,TOPIX Small 2
20260430,インフロニア・ホールディングス,5076,建設業,0.0418%,TOPIX Mid400
20260430,横浜ゴム,5101,ゴム製品,0.0673%,TOPIX Mid400
20260430,ＴＯＹＯ　ＴＩＲＥ,5105,ゴム製品,0.0462%,TOPIX Mid400
20260430,ブリヂストン,5108,ゴム製品,0.3420%,TOPIX Large70
20260430,住友ゴム工業,5110,ゴム製品,0.0417%,TOPIX Mid400
20260430,藤倉コンポジット,5121,ゴム製品,0.0040%,TOPIX Small 2
20260430,オカモト,5122,ゴム製品,0.0057%,TOPIX Small 2
20260430,アキレス,5142,化学,0.0014%,TOPIX Small 2
20260430,フコク,5185,ゴム製品,0.0016%,TOPIX Small 2
20260430,ニッタ,5186,ゴム製品,0.0084%,TOPIX Small 2
20260430,三ツ星ベルト,5192,ゴム製品,0.0096%,TOPIX Small 1
20260430,バンドー化学,5195,ゴム製品,0.0058%,TOPIX Small 2
20260430,ＡＧＣ,5201,ガラス・土石製品,0.1041%,TOPIX Mid400
20260430,日本板硝子,5202,ガラス・土石製品,0.0053%,TOPIX Small 1
20260430,有沢製作所,5208,化学,0.0091%,TOPIX Small 1
20260430,日本電気硝子,5214,ガラス・土石製品,0.0520%,TOPIX Mid400
20260430,オハラ,5218,ガラス・土石製品,0.0009%,TOPIX Small 2
20260430,住友大阪セメント,5232,ガラス・土石製品,0.0125%,TOPIX Mid400
20260430,太平洋セメント,5233,ガラス・土石製品,0.0421%,TOPIX Mid400
20260430,日本ヒューム,5262,ガラス・土石製品,0.0039%,TOPIX Small 1
20260430,日本コンクリート工業,5269,ガラス・土石製品,0.0012%,TOPIX Small 2
20260430,三谷セキサン,5273,ガラス・土石製品,0.0054%,TOPIX Small 2
20260430,アジアパイルホールディングス,5288,ガラス・土石製品,0.0042%,TOPIX Small 2
20260430,東海カーボン,5301,ガラス・土石製品,0.0216%,TOPIX Mid400
20260430,日本カーボン,5302,ガラス・土石製品,0.0053%,TOPIX Small 1
20260430,東洋炭素,5310,ガラス・土石製品,0.0100%,TOPIX Small 1
20260430,ノリタケ,5331,ガラス・土石製品,0.0138%,TOPIX Small 1
20260430,ＴＯＴＯ,5332,ガラス・土石製品,0.0644%,TOPIX Mid400
20260430,ＮＧＫ,5333,ガラス・土石製品,0.1035%,TOPIX Mid400
20260430,日本特殊陶業,5334,ガラス・土石製品,0.1316%,TOPIX Mid400
20260430,ＭＡＲＵＷＡ,5344,ガラス・土石製品,0.0584%,TOPIX Mid400
20260430,品川リフラ,5351,ガラス・土石製品,0.0045%,TOPIX Small 1
20260430,ヨータイ,5357,ガラス・土石製品,0.0019%,TOPIX Small 2
20260430,フジミインコーポレーテッド,5384,ガラス・土石製品,0.0184%,TOPIX Small 1
20260430,ニチアス,5393,ガラス・土石製品,0.0464%,TOPIX Mid400
20260430,日本製鉄,5401,鉄鋼,0.3073%,TOPIX Large70
20260430,神戸製鋼所,5406,鉄鋼,0.0763%,TOPIX Mid400
20260430,中山製鋼所,5408,鉄鋼,0.0024%,TOPIX Small 2
20260430,合同製鐵,5410,鉄鋼,0.0031%,TOPIX Small 1
20260430,ＪＦＥホールディングス,5411,鉄鋼,0.1096%,TOPIX Mid400
20260430,東京製鐵,5423,鉄鋼,0.0093%,TOPIX Small 1
20260430,ＡＲＣＨＩＯＮ,543A,輸送用機器,0.0087%,TOPIX Small 1
20260430,共英製鋼,5440,鉄鋼,0.0043%,TOPIX Small 1
20260430,大和工業,5444,鉄鋼,0.0423%,TOPIX Mid400
20260430,東京鐵鋼,5445,鉄鋼,0.0039%,TOPIX Small 1
20260430,大阪製鐵,5449,鉄鋼,0.0022%,TOPIX Small 2
20260430,ＧＭＳグループ,544A,機械,0.0010%,TOPIX Small 2
20260430,ヨドコウ,5451,鉄鋼,0.0149%,TOPIX Small 1
20260430,トランヴィア,545A,情報・通信業,0.0010%,TOPIX Small 2
20260430,中部鋼鈑,5461,鉄鋼,0.0041%,TOPIX Small 1
20260430,丸一鋼管,5463,鉄鋼,0.0287%,TOPIX Mid400
20260430,モリ工業,5464,鉄鋼,0.0021%,TOPIX Small 2
20260430,ＭＩＲＡＩＮＩホールディングス,546A,卸売業,0.0057%,TOPIX Small 2
20260430,大同特殊鋼,5471,鉄鋼,0.0254%,TOPIX Mid400
20260430,ムニノバホールディングス,547A,その他金融業,0.0143%,TOPIX Small 1
20260430,日本冶金工業,5480,鉄鋼,0.0060%,TOPIX Small 1
20260430,愛知製鋼,5482,鉄鋼,0.0106%,TOPIX Small 1
20260430,大平洋金属,5541,鉄鋼,0.0042%,TOPIX Small 2
20260430,新日本電工,5563,鉄鋼,0.0046%,TOPIX Small 1
20260430,栗本鐵工所,5602,鉄鋼,0.0069%,TOPIX Small 1
20260430,日本製鋼所,5631,機械,0.0554%,TOPIX Mid400
20260430,三菱製鋼,5632,鉄鋼,0.0024%,TOPIX Small 2
20260430,日本精線,5659,鉄鋼,0.0022%,TOPIX Small 2
20260430,エンビプロ・ホールディングス,5698,鉄鋼,0.0019%,TOPIX Small 2
20260430,大紀アルミニウム工業所,5702,非鉄金属,0.0041%,TOPIX Small 1
20260430,日本軽金属ホールディングス,5703,非鉄金属,0.0164%,TOPIX Small 1
20260430,三井金属,5706,非鉄金属,0.2083%,TOPIX Mid400
20260430,東邦亜鉛,5707,非鉄金属,0.0019%,TOPIX Small 2
20260430,三菱マテリアル,5711,非鉄金属,0.0669%,TOPIX Mid400
20260430,住友金属鉱山,5713,非鉄金属,0.2543%,TOPIX Mid400
20260430,ＤＯＷＡホールディングス,5714,非鉄金属,0.0503%,TOPIX Mid400
20260430,古河機械金属,5715,非鉄金属,0.0086%,TOPIX Small 1
20260430,大阪チタニウムテクノロジーズ,5726,非鉄金属,0.0086%,TOPIX Small 1
20260430,東邦チタニウム,5727,非鉄金属,0.0119%,TOPIX Small 1
20260430,ＵＡＣＪ,5741,非鉄金属,0.0327%,TOPIX Small 1
20260430,ＣＫサンエツ,5757,非鉄金属,0.0020%,TOPIX Small 2
20260430,古河電気工業,5801,非鉄金属,0.2778%,TOPIX Mid400
20260430,住友電気工業,5802,非鉄金属,0.6930%,TOPIX Large70
20260430,フジクラ,5803,非鉄金属,0.9079%,TOPIX Large70
20260430,ＳＷＣＣ,5805,非鉄金属,0.0453%,TOPIX Small 1
20260430,平河ヒューテック,5821,非鉄金属,0.0048%,TOPIX Small 2
20260430,いよぎんホールディングス,5830,銀行業,0.0743%,TOPIX Mid400
20260430,しずおかフィナンシャルグループ,5831,銀行業,0.1139%,TOPIX Mid400
20260430,ちゅうぎんフィナンシャルグループ,5832,銀行業,0.0463%,TOPIX Mid400
20260430,楽天銀行,5838,銀行業,0.0628%,TOPIX Mid400
20260430,京都フィナンシャルグループ,5844,銀行業,0.1119%,TOPIX Mid400
20260430,リョービ,5851,非鉄金属,0.0058%,TOPIX Small 1
20260430,ＡＲＥホールディングス,5857,非鉄金属,0.0306%,TOPIX Small 1
20260430,Ｊａｐａｎ　Ｅｙｅｗｅａｒ　Ｈｏｌｄｉｎｇｓ,5889,小売業,0.0019%,TOPIX Small 2
20260430,東洋製罐グループホールディングス,5901,金属製品,0.0319%,TOPIX Mid400
20260430,ホッカンホールディングス,5902,金属製品,0.0023%,TOPIX Small 2
20260430,コロナ,5909,金属製品,0.0010%,TOPIX Small 2
20260430,横河ブリッジホールディングス,5911,金属製品,0.0099%,TOPIX Small 1
20260430,三和ホールディングス,5929,金属製品,0.0676%,TOPIX Mid400
20260430,文化シヤッター,5930,金属製品,0.0114%,TOPIX Small 1
20260430,三協立山,5932,金属製品,0.0016%,TOPIX Small 2
20260430,アルインコ,5933,金属製品,0.0015%,TOPIX Small 2
20260430,ＬＩＸＩＬ,5938,金属製品,0.0498%,TOPIX Mid400
20260430,ノーリツ,5943,金属製品,0.0081%,TOPIX Small 1
20260430,長府製作所,5946,金属製品,0.0039%,TOPIX Small 2
20260430,リンナイ,5947,金属製品,0.0359%,TOPIX Mid400
20260430,ユニプレス,5949,輸送用機器,0.0046%,TOPIX Small 1
20260430,日東精工,5957,金属製品,0.0020%,TOPIX Small 2
20260430,岡部,5959,金属製品,0.0032%,TOPIX Small 2
20260430,ジーテクト,5970,金属製品,0.0045%,TOPIX Small 1
20260430,東プレ,5975,金属製品,0.0083%,TOPIX Small 1
20260430,高周波熱錬,5976,金属製品,0.0036%,TOPIX Small 2
20260430,東京製綱,5981,金属製品,0.0020%,TOPIX Small 2
20260430,サンコール,5985,金属製品,0.0033%,TOPIX Small 2
20260430,パイオラックス,5988,金属製品,0.0033%,TOPIX Small 1
20260430,エイチワン,5989,金属製品,0.0026%,TOPIX Small 2
20260430,日本発條,5991,金属製品,0.0426%,TOPIX Mid400
20260430,中央発條,5992,金属製品,0.0048%,TOPIX Small 2
20260430,三浦工業,6005,機械,0.0289%,TOPIX Mid400
20260430,タクマ,6013,機械,0.0149%,TOPIX Small 1
20260430,弁護士ドットコム,6027,サービス業,0.0024%,TOPIX Small 2
20260430,アイ・アールジャパンホールディングス,6035,サービス業,0.0007%,TOPIX Small 2
20260430,ＫｅｅＰｅｒ技研,6036,サービス業,0.0036%,TOPIX Small 1
20260430,Ｇｕｎｏｓｙ,6047,サービス業,0.0008%,TOPIX Small 2
20260430,イー・ガーディアン,6050,サービス業,0.0010%,TOPIX Small 2
20260430,ジャパンマテリアル,6055,サービス業,0.0107%,TOPIX Small 1
20260430,ベクトル,6058,サービス業,0.0033%,TOPIX Small 2
20260430,チャーム・ケア・コーポレーション,6062,サービス業,0.0021%,TOPIX Small 2
20260430,キャリアリンク,6070,サービス業,0.0017%,TOPIX Small 2
20260430,ＩＢＪ,6071,サービス業,0.0011%,TOPIX Small 2
20260430,アサンテ,6073,サービス業,0.0014%,TOPIX Small 2
20260430,バリューＨＲ,6078,サービス業,0.0025%,TOPIX Small 2
20260430,Ｍ＆Ａキャピタルパートナーズ,6080,サービス業,0.0051%,TOPIX Small 1
20260430,ライドオンエクスプレスホールディングス,6082,サービス業,0.0008%,TOPIX Small 2
20260430,シグマクシス・ホールディングス,6088,サービス業,0.0035%,TOPIX Small 1
20260430,ウィルグループ,6089,サービス業,0.0020%,TOPIX Small 2
20260430,リクルートホールディングス,6098,サービス業,0.9978%,TOPIX Core30
20260430,エラン,6099,サービス業,0.0013%,TOPIX Small 2
20260430,ツガミ,6101,機械,0.0193%,TOPIX Small 1
20260430,オークマ,6103,機械,0.0151%,TOPIX Small 1
20260430,芝浦機械,6104,機械,0.0096%,TOPIX Small 1
20260430,アマダ,6113,機械,0.0715%,TOPIX Mid400
20260430,アイダエンジニアリング,6118,機械,0.0041%,TOPIX Small 1
20260430,ＦＵＪＩ,6134,機械,0.0466%,TOPIX Mid400
20260430,牧野フライス製作所,6135,機械,0.0233%,TOPIX Small 1
20260430,オーエスジー,6136,機械,0.0224%,TOPIX Mid400
20260430,旭ダイヤモンド工業,6140,機械,0.0058%,TOPIX Small 1
20260430,ＤＭＧ森精機,6141,機械,0.0387%,TOPIX Mid400
20260430,ソディック,6143,機械,0.0073%,TOPIX Small 1
20260430,ディスコ,6146,機械,0.6877%,TOPIX Large70
20260430,日東工器,6151,機械,0.0011%,TOPIX Small 2
20260430,日進工具,6157,機械,0.0014%,TOPIX Small 2
20260430,冨士ダイス,6167,機械,0.0014%,TOPIX Small 2
20260430,日本郵政,6178,サービス業,0.3221%,TOPIX Large70
20260430,ベルシステム２４ホールディングス,6183,サービス業,0.0040%,TOPIX Small 2
20260430,鎌倉新書,6184,サービス業,0.0009%,TOPIX Small 2
20260430,エアトリ,6191,サービス業,0.0012%,TOPIX Small 2
20260430,アトラエ,6194,サービス業,0.0010%,TOPIX Small 2
20260430,ストライクグループ,6196,サービス業,0.0043%,TOPIX Small 1
20260430,ソラスト,6197,サービス業,0.0053%,TOPIX Small 2
20260430,セラク,6199,情報・通信業,0.0008%,TOPIX Small 2
20260430,インソース,6200,サービス業,0.0033%,TOPIX Small 1
20260430,豊田自動織機,6201,輸送用機器,0.1425%,TOPIX Large70
20260430,リケンＮＰＲ,6209,機械,0.0086%,TOPIX Small 1
20260430,島精機製作所,6222,機械,0.0028%,TOPIX Small 1
20260430,オプトラン,6235,機械,0.0129%,TOPIX Small 1
20260430,イワキ,6237,機械,0.0035%,TOPIX Small 2
20260430,フリュー,6238,機械,0.0026%,TOPIX Small 2
20260430,ヤマシンフィルタ,6240,機械,0.0019%,TOPIX Small 2
20260430,日阪製作所,6247,機械,0.0036%,TOPIX Small 2
20260430,やまびこ,6250,機械,0.0122%,TOPIX Small 1
20260430,野村マイクロ・サイエンス,6254,機械,0.0127%,TOPIX Small 1
20260430,平田機工,6258,機械,0.0089%,TOPIX Small 1
20260430,ＰＥＧＡＳＵＳ,6262,機械,0.0019%,TOPIX Small 2
20260430,マルマエ,6264,機械,0.0036%,TOPIX Small 2
20260430,タツモ,6266,機械,0.0037%,TOPIX Small 2
20260430,ナブテスコ,6268,機械,0.0570%,TOPIX Mid400
20260430,三井海洋開発,6269,機械,0.0630%,TOPIX Mid400
20260430,レオン自動機,6272,機械,0.0034%,TOPIX Small 2
20260430,ＳＭＣ,6273,機械,0.4162%,TOPIX Large70
20260430,ホソカワミクロン,6277,機械,0.0086%,TOPIX Small 1
20260430,ユニオンツール,6278,機械,0.0141%,TOPIX Small 1
20260430,瑞光,6279,機械,0.0014%,TOPIX Small 2
20260430,オイレス工業,6282,機械,0.0062%,TOPIX Small 1
20260430,日精エー・エス・ビー機械,6284,機械,0.0061%,TOPIX Small 1
20260430,サトー,6287,機械,0.0055%,TOPIX Small 1
20260430,技研製作所,6289,機械,0.0031%,TOPIX Small 2
20260430,日本エアーテック,6291,機械,0.0011%,TOPIX Small 2
20260430,ワイエイシイホールディングス,6298,機械,0.0019%,TOPIX Small 2
20260430,小松製作所,6301,機械,0.6096%,TOPIX Large70
20260430,住友重機械工業,6302,機械,0.0601%,TOPIX Mid400
20260430,日立建機,6305,機械,0.0420%,TOPIX Mid400
20260430,日工,6306,機械,0.0030%,TOPIX Small 2
20260430,巴工業,6309,機械,0.0038%,TOPIX Small 2
20260430,井関農機,6310,機械,0.0030%,TOPIX Small 2
20260430,ＴＯＷＡ,6315,機械,0.0204%,TOPIX Small 1
20260430,北川鉄工所,6317,機械,0.0012%,TOPIX Small 2
20260430,ローツェ,6323,機械,0.0416%,TOPIX Mid400
20260430,ハーモニック・ドライブ・システムズ,6324,機械,0.0269%,TOPIX Small 2
20260430,クボタ,6326,機械,0.2490%,TOPIX Large70
20260430,荏原実業,6328,機械,0.0048%,TOPIX Small 2
20260430,東洋エンジニアリング,6330,建設業,0.0085%,TOPIX Small 2
20260430,三菱化工機,6331,機械,0.0065%,TOPIX Small 1
20260430,月島ホールディングス,6332,機械,0.0081%,TOPIX Small 1
20260430,ＴＥＩＫＯＫＵ,6333,機械,0.0034%,TOPIX Small 2
20260430,新東工業,6339,機械,0.0038%,TOPIX Small 2
20260430,澁谷工業,6340,機械,0.0062%,TOPIX Small 2
20260430,アイチ　コーポレーション,6345,機械,0.0039%,TOPIX Small 2
20260430,小森コーポレーション,6349,機械,0.0069%,TOPIX Small 1
20260430,鶴見製作所,6351,機械,0.0059%,TOPIX Small 2
20260430,酒井重工業,6358,機械,0.0015%,TOPIX Small 2
20260430,荏原製作所,6361,機械,0.2086%,TOPIX Mid400
20260430,酉島製作所,6363,機械,0.0047%,TOPIX Small 1
20260430,ＡＩＲＭＡＮ,6364,機械,0.0040%,TOPIX Small 2
20260430,ダイキン工業,6367,機械,0.5515%,TOPIX Core30
20260430,オルガノ,6368,機械,0.0418%,TOPIX Mid400
20260430,トーヨーカネツ,6369,機械,0.0044%,TOPIX Small 2
20260430,栗田工業,6370,機械,0.0979%,TOPIX Mid400
20260430,椿本チエイン,6371,機械,0.0196%,TOPIX Small 1
20260430,日機装,6376,精密機器,0.0118%,TOPIX Small 1
20260430,木村化工機,6378,機械,0.0019%,TOPIX Small 2
20260430,レイズネクスト,6379,建設業,0.0061%,TOPIX Small 2
20260430,アネスト岩田,6381,機械,0.0057%,TOPIX Small 2
20260430,ダイフク,6383,機械,0.2206%,TOPIX Mid400
20260430,サムコ,6387,機械,0.0060%,TOPIX Small 2
20260430,タダノ,6395,機械,0.0140%,TOPIX Small 1
20260430,ＣＫＤ,6407,機械,0.0351%,TOPIX Small 1
20260430,平和,6412,機械,0.0103%,TOPIX Small 1
20260430,理想科学工業,6413,機械,0.0032%,TOPIX Small 2
20260430,ＳＡＮＫＹＯ,6417,機械,0.0334%,TOPIX Mid400
20260430,日本金銭機械,6418,機械,0.0023%,TOPIX Small 2
20260430,マースグループホールディングス,6419,機械,0.0045%,TOPIX Small 1
20260430,ガリレイ,6420,機械,0.0101%,TOPIX Small 1
20260430,ダイコク電機,6430,機械,0.0022%,TOPIX Small 2
20260430,竹内製作所,6432,機械,0.0246%,TOPIX Small 1
20260430,アマノ,6436,機械,0.0182%,TOPIX Mid400
20260430,ＪＵＫＩ,6440,機械,0.0023%,TOPIX Small 2
20260430,ジャノメ,6445,機械,0.0016%,TOPIX Small 2
20260430,ブラザー工業,6448,電気機器,0.0714%,TOPIX Mid400
20260430,マックス,6454,機械,0.0180%,TOPIX Small 1
20260430,モリタホールディングス,6455,輸送用機器,0.0073%,TOPIX Small 2
20260430,グローリー,6457,機械,0.0202%,TOPIX Mid400
20260430,新晃工業,6458,機械,0.0063%,TOPIX Small 1
20260430,大和冷機工業,6459,機械,0.0057%,TOPIX Small 2
20260430,セガサミーホールディングス,6460,機械,0.0360%,TOPIX Mid400
20260430,ＴＰＲ,6463,機械,0.0052%,TOPIX Small 1
20260430,ツバキ・ナカシマ,6464,機械,0.0015%,TOPIX Small 2
20260430,ホシザキ,6465,機械,0.0633%,TOPIX Mid400
20260430,大豊工業,6470,機械,0.0017%,TOPIX Small 2
20260430,日本精工,6471,機械,0.0453%,TOPIX Mid400
20260430,ＮＴＮ,6472,機械,0.0196%,TOPIX Mid400
20260430,ジェイテクト,6473,機械,0.0348%,TOPIX Mid400
20260430,不二越,6474,機械,0.0072%,TOPIX Small 1
20260430,ミネベアミツミ,6479,電気機器,0.1048%,TOPIX Mid400
20260430,日本トムソン,6480,機械,0.0058%,TOPIX Small 2
20260430,ＴＨＫ,6481,機械,0.0599%,TOPIX Mid400
20260430,ＹＵＳＨＩＮ,6482,機械,0.0010%,TOPIX Small 2
20260430,前澤給装工業,6485,機械,0.0021%,TOPIX Small 2
20260430,イーグル工業,6486,機械,0.0060%,TOPIX Small 1
20260430,ＰＩＬＬＡＲ,6490,機械,0.0163%,TOPIX Small 1
20260430,キッツ,6498,機械,0.0144%,TOPIX Small 1
20260430,日立製作所,6501,電気機器,2.3707%,TOPIX Core30
20260430,三菱電機,6503,電気機器,1.3158%,TOPIX Core30
20260430,富士電機,6504,電気機器,0.1813%,TOPIX Mid400
20260430,安川電機,6506,電気機器,0.1156%,TOPIX Mid400
20260430,シンフォニアテクノロジー,6507,電気機器,0.0303%,TOPIX Small 1
20260430,明電舎,6508,電気機器,0.0302%,TOPIX Small 1
20260430,山洋電気,6516,電気機器,0.0154%,TOPIX Small 1
20260430,デンヨー,6517,電気機器,0.0051%,TOPIX Small 2
20260430,ＰＨＣホールディングス,6523,電気機器,0.0036%,TOPIX Small 1
20260430,ＫＯＫＵＳＡＩ　ＥＬＥＣＴＲＩＣ,6525,電気機器,0.1409%,TOPIX Mid400
20260430,ソシオネクスト,6526,電気機器,0.0310%,TOPIX Mid400
20260430,ベイカレント,6532,サービス業,0.0730%,TOPIX Mid400
20260430,Ｏｒｃｈｅｓｔｒａ　Ｈｏｌｄｉｎｇｓ,6533,サービス業,0.0004%,TOPIX Small 2
20260430,アイモバイル,6535,サービス業,0.0015%,TOPIX Small 2
20260430,ＭＳ－Ｊａｐａｎ,6539,サービス業,0.0012%,TOPIX Small 2
20260430,ジャパンエレベーターサービスホールディングス,6544,サービス業,0.0264%,TOPIX Mid400
20260430,エル・ティー・エス,6560,サービス業,0.0005%,TOPIX Small 2
20260430,ミダックホールディングス,6564,サービス業,0.0021%,TOPIX Small 2
20260430,キュービーネットホールディングス,6571,サービス業,0.0013%,TOPIX Small 2
20260430,オープングループ,6572,サービス業,0.0006%,TOPIX Small 2
20260430,三櫻工業,6584,輸送用機器,0.0022%,TOPIX Small 2
20260430,マキタ,6586,機械,0.1407%,TOPIX Mid400
20260430,東芝テック,6588,電気機器,0.0067%,TOPIX Small 1
20260430,芝浦メカトロニクス,6590,電気機器,0.0286%,TOPIX Small 1
20260430,マブチモーター,6592,電気機器,0.0274%,TOPIX Mid400
20260430,ユー・エム・シー・エレクトロニクス,6615,電気機器,0.0003%,TOPIX Small 2
20260430,トレックス・セミコンダクター,6616,電気機器,0.0015%,TOPIX Small 2
20260430,東光高岳,6617,電気機器,0.0079%,TOPIX Small 2
20260430,ダブル・スコープ,6619,電気機器,0.0016%,TOPIX Small 2
20260430,宮越ホールディングス,6620,不動産業,0.0005%,TOPIX Small 2
20260430,ダイヘン,6622,電気機器,0.0273%,TOPIX Small 1
20260430,ヤーマン,6630,電気機器,0.0027%,TOPIX Small 1
20260430,ＪＶＣケンウッド,6632,電気機器,0.0177%,TOPIX Mid400
20260430,ミマキエンジニアリング,6638,電気機器,0.0024%,TOPIX Small 2
20260430,大崎電気工業,6644,電気機器,0.0075%,TOPIX Small 2
20260430,オムロン,6645,電気機器,0.0902%,TOPIX Mid400
20260430,日東工業,6651,電気機器,0.0105%,TOPIX Small 1
20260430,ＩＤＥＣ,6652,電気機器,0.0083%,TOPIX Small 1
20260430,ジーエス・ユアサ　コーポレーション,6674,電気機器,0.0498%,TOPIX Mid400
20260430,バッファロー,6676,電気機器,0.0025%,TOPIX Small 2
20260430,テクノメディカ,6678,電気機器,0.0008%,TOPIX Small 2
20260430,ダイヤモンドエレクトリックホールディングス,6699,電気機器,0.0005%,TOPIX Small 2
20260430,日本電気,6701,電気機器,0.5191%,TOPIX Large70
20260430,富士通,6702,電気機器,0.5641%,TOPIX Large70
20260430,沖電気工業,6703,電気機器,0.0312%,TOPIX Small 1
20260430,電気興業,6706,電気機器,0.0023%,TOPIX Small 2
20260430,サンケン電気,6707,電気機器,0.0184%,TOPIX Mid400
20260430,アイホン,6718,電気機器,0.0028%,TOPIX Small 2
20260430,ルネサスエレクトロニクス,6723,電気機器,0.6004%,TOPIX Large70
20260430,セイコーエプソン,6724,電気機器,0.0503%,TOPIX Mid400
20260430,ワコム,6727,電気機器,0.0083%,TOPIX Small 1
20260430,アルバック,6728,電気機器,0.0481%,TOPIX Mid400
20260430,アクセル,6730,電気機器,0.0010%,TOPIX Small 2
20260430,ＥＩＺＯ,6737,電気機器,0.0056%,TOPIX Small 1
20260430,ジャパンディスプレイ,6740,電気機器,0.0111%,TOPIX Small 2
20260430,日本信号,6741,電気機器,0.0082%,TOPIX Small 2
20260430,京三製作所,6742,電気機器,0.0031%,TOPIX Small 2
20260430,能美防災,6744,電気機器,0.0107%,TOPIX Small 1
20260430,ホーチキ,6745,電気機器,0.0087%,TOPIX Small 2
20260430,エレコム,6750,電気機器,0.0075%,TOPIX Small 1
20260430,パナソニック　ホールディングス,6752,電気機器,0.7295%,TOPIX Large70
20260430,シャープ,6753,電気機器,0.0130%,TOPIX Mid400
20260430,アンリツ,6754,電気機器,0.0509%,TOPIX Mid400
20260430,ソニーグループ,6758,電気機器,2.0497%,TOPIX Core30
20260430,ＴＤＫ,6762,電気機器,0.4813%,TOPIX Large70
20260430,帝国通信工業,6763,電気機器,0.0023%,TOPIX Small 2
20260430,タムラ製作所,6768,電気機器,0.0064%,TOPIX Small 1
20260430,アルプスアルパイン,6770,電気機器,0.0352%,TOPIX Mid400
20260430,日本電波工業,6779,電気機器,0.0044%,TOPIX Small 2
20260430,鈴木,6785,電気機器,0.0036%,TOPIX Small 2
20260430,メイコー,6787,電気機器,0.0545%,TOPIX Small 1
20260430,日本トリム,6788,電気機器,0.0018%,TOPIX Small 2
20260430,フォスター電機,6794,電気機器,0.0053%,TOPIX Small 2
20260430,ＳＭＫ,6798,電気機器,0.0015%,TOPIX Small 2
20260430,ヨコオ,6800,電気機器,0.0075%,TOPIX Small 2
20260430,ホシデン,6804,電気機器,0.0104%,TOPIX Small 1
20260430,ヒロセ電機,6806,電気機器,0.0612%,TOPIX Mid400
20260430,日本航空電子工業,6807,電気機器,0.0109%,TOPIX Small 1
20260430,ＴＯＡ,6809,電気機器,0.0034%,TOPIX Small 2
20260430,マクセル,6810,電気機器,0.0080%,TOPIX Small 1
20260430,古野電気,6814,電気機器,0.0180%,TOPIX Small 1
20260430,スミダコーポレーション,6817,電気機器,0.0045%,TOPIX Small 2
20260430,アイコム,6820,電気機器,0.0022%,TOPIX Small 2
20260430,リオン,6823,電気機器,0.0027%,TOPIX Small 2
20260430,横河電機,6841,電気機器,0.1103%,TOPIX Mid400
20260430,新電元工業,6844,電気機器,0.0027%,TOPIX Small 2
20260430,アズビル,6845,電気機器,0.0646%,TOPIX Mid400
20260430,日本光電工業,6849,電気機器,0.0229%,TOPIX Mid400
20260430,チノー,6850,電気機器,0.0025%,TOPIX Small 2
20260430,日本電子材料,6855,電気機器,0.0094%,TOPIX Small 2
20260430,堀場製作所,6856,電気機器,0.0785%,TOPIX Mid400
20260430,アドバンテスト,6857,電気機器,1.6242%,TOPIX Core30
20260430,エスペック,6859,電気機器,0.0062%,TOPIX Small 1
20260430,キーエンス,6861,電気機器,1.3615%,TOPIX Core30
20260430,日置電機,6866,電気機器,0.0112%,TOPIX Small 1
20260430,シスメックス,6869,電気機器,0.0681%,TOPIX Mid400
20260430,日本マイクロニクス,6871,電気機器,0.0407%,TOPIX Small 1
20260430,メガチップス,6875,電気機器,0.0119%,TOPIX Small 1
20260430,ＯＢＡＲＡ　ＧＲＯＵＰ,6877,電気機器,0.0050%,TOPIX Small 2
20260430,デンソー,6902,輸送用機器,0.3520%,TOPIX Large70
20260430,コーセル,6905,電気機器,0.0030%,TOPIX Small 2
20260430,イリソ電子工業,6908,電気機器,0.0053%,TOPIX Small 1
20260430,オプテックスグループ,6914,電気機器,0.0095%,TOPIX Small 1
20260430,千代田インテグレ,6915,電気機器,0.0014%,TOPIX Small 2
20260430,レーザーテック,6920,電気機器,0.3448%,TOPIX Large70
20260430,スタンレー電気,6923,電気機器,0.0247%,TOPIX Mid400
20260430,ウシオ電機,6925,電気機器,0.0226%,TOPIX Mid400
20260430,日本セラミック,6929,電気機器,0.0056%,TOPIX Small 1
20260430,山一電機,6941,電気機器,0.0194%,TOPIX Small 1
20260430,図研,6947,電気機器,0.0070%,TOPIX Small 1
20260430,日本電子,6951,電気機器,0.0277%,TOPIX Mid400
20260430,カシオ計算機,6952,電気機器,0.0242%,TOPIX Mid400
20260430,ファナック,6954,電気機器,0.6267%,TOPIX Large70
20260430,日本シイエムケイ,6958,電気機器,0.0038%,TOPIX Small 2
20260430,エンプラス,6961,電気機器,0.0095%,TOPIX Small 2
20260430,大真空,6962,電気機器,0.0020%,TOPIX Small 2
20260430,ローム,6963,電気機器,0.1273%,TOPIX Mid400
20260430,浜松ホトニクス,6965,電気機器,0.0599%,TOPIX Mid400
20260430,三井ハイテック,6966,電気機器,0.0063%,TOPIX Small 1
20260430,京セラ,6971,電気機器,0.3215%,TOPIX Large70
20260430,太陽誘電,6976,電気機器,0.0654%,TOPIX Mid400
20260430,村田製作所,6981,電気機器,0.9392%,TOPIX Large70
20260430,双葉電子工業,6986,電気機器,0.0027%,TOPIX Small 2
20260430,日東電工,6988,化学,0.1742%,TOPIX Mid400
20260430,東海理化電機製作所,6995,輸送用機器,0.0147%,TOPIX Small 1
20260430,ニチコン,6996,電気機器,0.0121%,TOPIX Small 1
20260430,日本ケミコン,6997,電気機器,0.0070%,TOPIX Small 2
20260430,ＫＯＡ,6999,電気機器,0.0065%,TOPIX Small 1
20260430,三井Ｅ＆Ｓ,7003,機械,0.0537%,TOPIX Mid400
20260430,カナデビア,7004,機械,0.0189%,TOPIX Small 1
20260430,三菱重工業,7011,機械,1.6670%,TOPIX Core30
20260430,川崎重工業,7012,輸送用機器,0.2314%,TOPIX Mid400
20260430,ＩＨＩ,7013,機械,0.2866%,TOPIX Mid400
20260430,名村造船所,7014,輸送用機器,0.0241%,TOPIX Small 1
20260430,マネジメントソリューションズ,7033,サービス業,0.0014%,TOPIX Small 2
20260430,プロレド・パートナーズ,7034,サービス業,0.0002%,TOPIX Small 2
20260430,フロンティア・マネジメント,7038,サービス業,0.0004%,TOPIX Small 2
20260430,アンビスホールディングス,7071,サービス業,0.0016%,TOPIX Small 2
20260430,カーブスホールディングス,7085,サービス業,0.0044%,TOPIX Small 1
20260430,Ｍａｃｂｅｅ　Ｐｌａｎｅｔ,7095,サービス業,0.0011%,TOPIX Small 2
20260430,日本車輌製造,7102,輸送用機器,0.0027%,TOPIX Small 2
20260430,ユニソルホールディングス,7128,卸売業,0.0038%,TOPIX Small 1
20260430,ヤマエグループホールディングス,7130,卸売業,0.0057%,TOPIX Small 1
20260430,ＦＰＧ,7148,証券、商品先物取引業,0.0105%,TOPIX Small 1
20260430,ライフネット生命保険,7157,保険業,0.0077%,TOPIX Small 1
20260430,全国保証,7164,その他金融業,0.0341%,TOPIX Mid400
20260430,めぶきフィナンシャルグループ,7167,銀行業,0.1141%,TOPIX Mid400
20260430,ジャパンインベストメントアドバイザー,7172,証券、商品先物取引業,0.0067%,TOPIX Small 1
20260430,東京きらぼしフィナンシャルグループ,7173,銀行業,0.0281%,TOPIX Small 1
20260430,九州フィナンシャルグループ,7180,銀行業,0.0465%,TOPIX Mid400
20260430,かんぽ生命保険,7181,保険業,0.0972%,TOPIX Mid400
20260430,ゆうちょ銀行,7182,銀行業,0.5491%,TOPIX Large70
20260430,富山第一銀行,7184,銀行業,0.0155%,TOPIX Small 1
20260430,横浜フィナンシャルグループ,7186,銀行業,0.1456%,TOPIX Mid400
20260430,ジェイリース,7187,その他金融業,0.0019%,TOPIX Small 2
20260430,西日本フィナンシャルホールディングス,7189,銀行業,0.0453%,TOPIX Mid400
20260430,ＳＢＩアルヒ,7198,その他金融業,0.0016%,TOPIX Small 2
20260430,プレミアグループ,7199,その他金融業,0.0059%,TOPIX Small 1
20260430,日産自動車,7201,輸送用機器,0.1038%,TOPIX Mid400
20260430,いすゞ自動車,7202,輸送用機器,0.1055%,TOPIX Mid400
20260430,トヨタ自動車,7203,輸送用機器,3.0673%,TOPIX Core30
20260430,三菱自動車工業,7211,輸送用機器,0.0223%,TOPIX Mid400
20260430,武蔵精密工業,7220,輸送用機器,0.0181%,TOPIX Small 1
20260430,日産車体,7222,輸送用機器,0.0026%,TOPIX Small 2
20260430,新明和工業,7224,輸送用機器,0.0140%,TOPIX Small 1
20260430,極東開発工業,7226,輸送用機器,0.0085%,TOPIX Small 1
20260430,トピー工業,7231,輸送用機器,0.0041%,TOPIX Small 2
20260430,ティラド,7236,輸送用機器,0.0037%,TOPIX Small 2
20260430,曙ブレーキ工業,7238,輸送用機器,0.0015%,TOPIX Small 2
20260430,タチエス,7239,輸送用機器,0.0072%,TOPIX Small 1
20260430,ＮＯＫ,7240,輸送用機器,0.0193%,TOPIX Mid400
20260430,フタバ産業,7241,輸送用機器,0.0050%,TOPIX Small 1
20260430,カヤバ,7242,輸送用機器,0.0146%,TOPIX Small 1
20260430,市光工業,7244,電気機器,0.0021%,TOPIX Small 2
20260430,大同メタル工業,7245,輸送用機器,0.0033%,TOPIX Small 2
20260430,プレス工業,7246,輸送用機器,0.0061%,TOPIX Small 1
20260430,アイシン,7259,輸送用機器,0.1213%,TOPIX Mid400
20260430,マツダ,7261,輸送用機器,0.0639%,TOPIX Mid400
20260430,本田技研工業,7267,輸送用機器,0.4508%,TOPIX Core30
20260430,スズキ,7269,輸送用機器,0.2452%,TOPIX Large70
20260430,ＳＵＢＡＲＵ,7270,輸送用機器,0.1323%,TOPIX Large70
20260430,ヤマハ発動機,7272,輸送用機器,0.1045%,TOPIX Mid400
20260430,小糸製作所,7276,電気機器,0.0503%,TOPIX Mid400
20260430,エクセディ,7278,輸送用機器,0.0191%,TOPIX Small 1
20260430,ミツバ,7280,電気機器,0.0041%,TOPIX Small 1
20260430,豊田合成,7282,輸送用機器,0.0272%,TOPIX Mid400
20260430,愛三工業,7283,輸送用機器,0.0055%,TOPIX Small 1
20260430,ヨロズ,7294,輸送用機器,0.0015%,TOPIX Small 2
20260430,エフ・シー・シー,7296,輸送用機器,0.0124%,TOPIX Small 1
20260430,シマノ,7309,輸送用機器,0.1318%,TOPIX Large70
20260430,テイ・エス　テック,7313,輸送用機器,0.0121%,TOPIX Mid400
20260430,三十三フィナンシャルグループ,7322,銀行業,0.0117%,TOPIX Small 2
20260430,第四北越フィナンシャルグループ,7327,銀行業,0.0347%,TOPIX Small 1
20260430,ひろぎんホールディングス,7337,銀行業,0.0484%,TOPIX Mid400
20260430,おきなわフィナンシャルグループ,7350,銀行業,0.0090%,TOPIX Small 1
20260430,ダイレクトマーケティングミックス,7354,サービス業,0.0006%,TOPIX Small 2
20260430,ポピンズ,7358,サービス業,0.0004%,TOPIX Small 2
20260430,ＬＩＴＡＬＩＣＯ,7366,サービス業,0.0021%,TOPIX Small 2
20260430,十六フィナンシャルグループ,7380,銀行業,0.0272%,TOPIX Small 1
20260430,ＣＣＩグループ,7381,銀行業,0.0185%,TOPIX Small 1
20260430,ネットプロテクションズホールディングス,7383,その他金融業,0.0024%,TOPIX Small 1
20260430,プロクレアホールディングス,7384,銀行業,0.0083%,TOPIX Small 2
20260430,ＦＰパートナー,7388,保険業,0.0018%,TOPIX Small 2
20260430,あいちフィナンシャルグループ,7389,銀行業,0.0287%,TOPIX Small 1
20260430,小野建,7414,卸売業,0.0030%,TOPIX Small 2
20260430,ノジマ,7419,小売業,0.0241%,TOPIX Small 1
20260430,カッパ・クリエイト,7421,小売業,0.0048%,TOPIX Small 1
20260430,伯東,7433,卸売業,0.0050%,TOPIX Small 1
20260430,コンドーテック,7438,卸売業,0.0025%,TOPIX Small 2
20260430,ナガイレーベン,7447,卸売業,0.0037%,TOPIX Small 2
20260430,良品計画,7453,小売業,0.1595%,TOPIX Mid400
20260430,松田産業,7456,卸売業,0.0102%,TOPIX Small 1
20260430,第一興商,7458,卸売業,0.0108%,TOPIX Mid400
20260430,メディパルホールディングス,7459,卸売業,0.0606%,TOPIX Mid400
20260430,アドヴァングループ,7463,小売業,0.0012%,TOPIX Small 2
20260430,ＳＰＫ,7466,卸売業,0.0021%,TOPIX Small 2
20260430,アルビス,7475,小売業,0.0016%,TOPIX Small 2
20260430,アズワン,7476,卸売業,0.0139%,TOPIX Mid400
20260430,スズデン,7480,卸売業,0.0018%,TOPIX Small 2
20260430,シモジマ,7482,卸売業,0.0020%,TOPIX Small 2
20260430,ドウシシャ,7483,卸売業,0.0079%,TOPIX Small 2
20260430,高速,7504,卸売業,0.0040%,TOPIX Small 2
20260430,Ｇ‐７ホールディングス,7508,小売業,0.0028%,TOPIX Small 2
20260430,たけびし,7510,卸売業,0.0017%,TOPIX Small 2
20260430,イオン北海道,7512,小売業,0.0051%,TOPIX Small 1
20260430,コジマ,7513,小売業,0.0047%,TOPIX Small 1
20260430,コーナン商事,7516,小売業,0.0090%,TOPIX Small 1
20260430,エコス,7520,小売業,0.0017%,TOPIX Small 2
20260430,ワタミ,7522,小売業,0.0024%,TOPIX Small 2
20260430,リックス,7525,卸売業,0.0017%,TOPIX Small 2
20260430,システムソフト,7527,情報・通信業,0.0004%,TOPIX Small 2
20260430,パン・パシフィック・インターナショナルホールディングス,7532,小売業,0.1815%,TOPIX Mid400
20260430,丸文,7537,卸売業,0.0021%,TOPIX Small 2
20260430,西松屋チェーン,7545,小売業,0.0089%,TOPIX Small 1
20260430,ゼンショーホールディングス,7550,小売業,0.0890%,TOPIX Mid400
20260430,ハピネット,7552,卸売業,0.0073%,TOPIX Small 1
20260430,幸楽苑,7554,小売業,0.0021%,TOPIX Small 2
20260430,橋本総業ホールディングス,7570,卸売業,0.0009%,TOPIX Small 2
20260430,日本ライフライン,7575,卸売業,0.0071%,TOPIX Small 1
20260430,サイゼリヤ,7581,小売業,0.0152%,TOPIX Small 1
20260430,タカショー,7590,卸売業,0.0006%,TOPIX Small 2
20260430,ＶＴホールディングス,7593,小売業,0.0038%,TOPIX Small 1
20260430,アルゴグラフィックス,7595,情報・通信業,0.0092%,TOPIX Small 1
20260430,魚力,7596,小売業,0.0016%,TOPIX Small 2
20260430,ＩＤＯＭ,7599,卸売業,0.0080%,TOPIX Small 1
20260430,日本エム・ディ・エム,7600,精密機器,0.0008%,TOPIX Small 2
20260430,ユナイテッドアローズ,7606,小売業,0.0053%,TOPIX Small 1
20260430,進和,7607,卸売業,0.0036%,TOPIX Small 2
20260430,ダイトロン,7609,卸売業,0.0049%,TOPIX Small 2
20260430,ハイデイ日高,7611,小売業,0.0093%,TOPIX Small 1
20260430,シークス,7613,卸売業,0.0042%,TOPIX Small 1
20260430,コロワイド,7616,小売業,0.0211%,TOPIX Mid400
20260430,オーハシテクニカ,7628,卸売業,0.0020%,TOPIX Small 2
20260430,壱番屋,7630,小売業,0.0069%,TOPIX Small 1
20260430,白銅,7637,卸売業,0.0013%,TOPIX Small 2
20260430,スギホールディングス,7649,小売業,0.0340%,TOPIX Mid400
20260430,薬王堂ホールディングス,7679,小売業,0.0020%,TOPIX Small 2
20260430,ダブルエー,7683,小売業,0.0011%,TOPIX Small 2
20260430,島津製作所,7701,精密機器,0.0921%,TOPIX Mid400
20260430,ＪＭＳ,7702,精密機器,0.0008%,TOPIX Small 2
20260430,長野計器,7715,精密機器,0.0037%,TOPIX Small 2
20260430,ブイ・テクノロジー,7717,精密機器,0.0045%,TOPIX Small 2
20260430,東京計器,7721,精密機器,0.0119%,TOPIX Small 1
20260430,愛知時計電機,7723,精密機器,0.0026%,TOPIX Small 2
20260430,インターアクション,7725,精密機器,0.0018%,TOPIX Small 2
20260430,東京精密,7729,精密機器,0.0620%,TOPIX Mid400
20260430,マニー,7730,精密機器,0.0144%,TOPIX Small 1
20260430,ニコン,7731,精密機器,0.0411%,TOPIX Mid400
20260430,オリンパス,7733,精密機器,0.1599%,TOPIX Large70
20260430,理研計器,7734,精密機器,0.0091%,TOPIX Small 1
20260430,ＳＣＲＥＥＮホールディングス,7735,電気機器,0.1393%,TOPIX Mid400
20260430,タムロン,7740,精密機器,0.0105%,TOPIX Small 1
20260430,ＨＯＹＡ,7741,精密機器,1.0544%,TOPIX Core30
20260430,ノーリツ鋼機,7744,精密機器,0.0113%,TOPIX Small 1
20260430,Ａ＆Ｄホロンホールディングス,7745,精密機器,0.0074%,TOPIX Small 1
20260430,朝日インテック,7747,精密機器,0.0750%,TOPIX Mid400
20260430,キヤノン,7751,電気機器,0.3433%,TOPIX Large70
20260430,リコー,7752,電気機器,0.0589%,TOPIX Mid400
20260430,シチズン時計,7762,精密機器,0.0287%,TOPIX Small 1
20260430,メニコン,7780,精密機器,0.0115%,TOPIX Small 1
20260430,トランザクション,7818,その他製品,0.0037%,TOPIX Small 2
20260430,ニホンフラッシュ,7820,その他製品,0.0014%,TOPIX Small 2
20260430,前田工繊,7821,その他製品,0.0071%,TOPIX Small 1
20260430,アートネイチャー,7823,その他製品,0.0014%,TOPIX Small 2
20260430,フルヤ金属,7826,その他製品,0.0133%,TOPIX Small 1
20260430,バンダイナムコホールディングス,7832,その他製品,0.1849%,TOPIX Large70
20260430,ＳＨＯＥＩ,7839,その他製品,0.0080%,TOPIX Small 1
20260430,フランスベッドホールディングス,7840,その他製品,0.0035%,TOPIX Small 2
20260430,マーベラス,7844,情報・通信業,0.0016%,TOPIX Small 2
20260430,パイロットコーポレーション,7846,その他製品,0.0128%,TOPIX Mid400
20260430,萩原工業,7856,その他製品,0.0021%,TOPIX Small 2
20260430,エイベックス,7860,情報・通信業,0.0039%,TOPIX Small 1
20260430,フジシールインターナショナル,7864,その他製品,0.0096%,TOPIX Small 1
20260430,タカラトミー,7867,その他製品,0.0238%,TOPIX Mid400
20260430,広済堂ホールディングス,7868,その他製品,0.0043%,TOPIX Small 2
20260430,レック,7874,化学,0.0020%,TOPIX Small 2
20260430,三光合成,7888,化学,0.0021%,TOPIX Small 2
20260430,プロネクサス,7893,その他製品,0.0021%,TOPIX Small 2
20260430,ＴＯＰＰＡＮホールディングス,7911,その他製品,0.1076%,TOPIX Mid400
20260430,大日本印刷,7912,その他製品,0.1222%,TOPIX Mid400
20260430,共同印刷,7914,その他製品,0.0030%,TOPIX Small 2
20260430,ＮＩＳＳＨＡ,7915,その他製品,0.0043%,TOPIX Small 1
20260430,ＺＡＣＲＯＳ,7917,化学,0.0083%,TOPIX Small 2
20260430,ＴＡＫＡＲＡ　＆　ＣＯＭＰＡＮＹ,7921,その他製品,0.0038%,TOPIX Small 2
20260430,前澤化成工業,7925,化学,0.0024%,TOPIX Small 2
20260430,未来工業,7931,化学,0.0027%,TOPIX Small 2
20260430,アシックス,7936,その他製品,0.3253%,TOPIX Large70
20260430,ツツミ,7937,その他製品,0.0013%,TOPIX Small 2
20260430,ＪＳＰ,7942,化学,0.0026%,TOPIX Small 2
20260430,ニチハ,7943,ガラス・土石製品,0.0069%,TOPIX Small 1
20260430,ローランド,7944,その他製品,0.0062%,TOPIX Small 1
20260430,エフピコ,7947,化学,0.0083%,TOPIX Small 1
20260430,小松ウオール工業,7949,その他製品,0.0037%,TOPIX Small 2
20260430,ヤマハ,7951,その他製品,0.0335%,TOPIX Mid400
20260430,河合楽器製作所,7952,その他製品,0.0014%,TOPIX Small 2
20260430,クリナップ,7955,その他製品,0.0018%,TOPIX Small 2
20260430,ピジョン,7956,その他製品,0.0190%,TOPIX Mid400
20260430,キングジム,7962,その他製品,0.0013%,TOPIX Small 2
20260430,象印マホービン,7965,電気機器,0.0081%,TOPIX Small 1
20260430,リンテック,7966,その他製品,0.0208%,TOPIX Small 1
20260430,信越ポリマー,7970,化学,0.0088%,TOPIX Small 1
20260430,イトーキ,7972,その他製品,0.0133%,TOPIX Small 1
20260430,任天堂,7974,その他製品,0.9182%,TOPIX Core30
20260430,三菱鉛筆,7976,その他製品,0.0060%,TOPIX Small 1
20260430,松風,7979,精密機器,0.0038%,TOPIX Small 2
20260430,タカラスタンダード,7981,その他製品,0.0121%,TOPIX Small 1
20260430,コクヨ,7984,その他製品,0.0296%,TOPIX Mid400
20260430,ナカバヤシ,7987,その他製品,0.0012%,TOPIX Small 2
20260430,ニフコ,7988,化学,0.0330%,TOPIX Mid400
20260430,立川ブラインド工業,7989,金属製品,0.0025%,TOPIX Small 2
20260430,グローブライド,7990,その他製品,0.0037%,TOPIX Small 1
20260430,オカムラ,7994,その他製品,0.0144%,TOPIX Small 1
20260430,バルカー,7995,化学,0.0093%,TOPIX Small 1
20260430,伊藤忠商事,8001,卸売業,1.3154%,TOPIX Core30
20260430,丸紅,8002,卸売業,0.9357%,TOPIX Large70
20260430,スクロール,8005,小売業,0.0046%,TOPIX Small 2
20260430,ヨンドシーホールディングス,8008,小売業,0.0035%,TOPIX Small 1
20260430,三陽商会,8011,繊維製品,0.0034%,TOPIX Small 2
20260430,長瀬産業,8012,卸売業,0.0406%,TOPIX Mid400
20260430,蝶理,8014,卸売業,0.0046%,TOPIX Small 2
20260430,豊田通商,8015,卸売業,0.3700%,TOPIX Large70
20260430,オンワードホールディングス,8016,繊維製品,0.0082%,TOPIX Small 1
20260430,三共生興,8018,卸売業,0.0023%,TOPIX Small 2
20260430,兼松,8020,卸売業,0.0363%,TOPIX Mid400
20260430,美津濃,8022,その他製品,0.0170%,TOPIX Small 1
20260430,ルックホールディングス,8029,繊維製品,0.0016%,TOPIX Small 2
20260430,三井物産,8031,卸売業,1.6878%,TOPIX Core30
20260430,日本紙パルプ商事,8032,卸売業,0.0119%,TOPIX Small 2
20260430,東京エレクトロン,8035,電気機器,1.7932%,TOPIX Core30
20260430,カメイ,8037,卸売業,0.0060%,TOPIX Small 2
20260430,スターゼン,8043,卸売業,0.0052%,TOPIX Small 2
20260430,セイコーグループ,8050,精密機器,0.0310%,TOPIX Small 1
20260430,山善,8051,卸売業,0.0094%,TOPIX Small 1
20260430,椿本興業,8052,卸売業,0.0039%,TOPIX Small 2
20260430,住友商事,8053,卸売業,0.7070%,TOPIX Large70
20260430,ＢＩＰＲＯＧＹ,8056,情報・通信業,0.0284%,TOPIX Mid400
20260430,内田洋行,8057,卸売業,0.0082%,TOPIX Small 1
20260430,三菱商事,8058,卸売業,2.0090%,TOPIX Core30
20260430,第一実業,8059,卸売業,0.0060%,TOPIX Small 2
20260430,キヤノンマーケティングジャパン,8060,卸売業,0.0340%,TOPIX Mid400
20260430,西華産業,8061,卸売業,0.0087%,TOPIX Small 1
20260430,佐藤商事,8065,卸売業,0.0038%,TOPIX Small 2
20260430,東京産業,8070,卸売業,0.0018%,TOPIX Small 2
20260430,ＹＵＡＳＡ,8074,卸売業,0.0104%,TOPIX Small 1
20260430,神鋼商事,8075,卸売業,0.0035%,TOPIX Small 2
20260430,阪和興業,8078,卸売業,0.0268%,TOPIX Small 1
20260430,正栄食品工業,8079,卸売業,0.0055%,TOPIX Small 1
20260430,カナデン,8081,卸売業,0.0038%,TOPIX Small 2
20260430,ＲＹＯＤＥＮ,8084,卸売業,0.0055%,TOPIX Small 2
20260430,ニプロ,8086,精密機器,0.0242%,TOPIX Mid400
20260430,岩谷産業,8088,卸売業,0.0385%,TOPIX Mid400
20260430,極東貿易,8093,卸売業,0.0021%,TOPIX Small 2
20260430,アステナホールディングス,8095,卸売業,0.0018%,TOPIX Small 2
20260430,三愛オブリ,8097,卸売業,0.0104%,TOPIX Small 1
20260430,稲畑産業,8098,卸売業,0.0178%,TOPIX Small 1
20260430,ＧＳＩクレオス,8101,卸売業,0.0028%,TOPIX Small 2
20260430,明和産業,8103,卸売業,0.0024%,TOPIX Small 2
20260430,ゴールドウイン,8111,繊維製品,0.0245%,TOPIX Mid400
20260430,ユニ・チャーム,8113,化学,0.1091%,TOPIX Large70
20260430,ワキタ,8125,卸売業,0.0061%,TOPIX Small 1
20260430,東邦ホールディングス,8129,卸売業,0.0257%,TOPIX Mid400
20260430,サンゲツ,8130,卸売業,0.0151%,TOPIX Small 1
20260430,ミツウロコグループホールディングス,8131,卸売業,0.0049%,TOPIX Small 2
20260430,シナネンホールディングス,8132,卸売業,0.0027%,TOPIX Small 2
20260430,伊藤忠エネクス,8133,卸売業,0.0096%,TOPIX Small 1
20260430,サンリオ,8136,卸売業,0.0917%,TOPIX Mid400
20260430,サンワテクノス,8137,卸売業,0.0037%,TOPIX Small 2
20260430,新光商事,8141,卸売業,0.0040%,TOPIX Small 2
20260430,トーホー,8142,卸売業,0.0033%,TOPIX Small 2
20260430,三信電気,8150,卸売業,0.0031%,TOPIX Small 2
20260430,東陽テクニカ,8151,卸売業,0.0030%,TOPIX Small 2
20260430,モスフードサービス,8153,卸売業,0.0117%,TOPIX Small 1
20260430,加賀電子,8154,卸売業,0.0158%,TOPIX Small 1
20260430,都築電気,8157,情報・通信業,0.0042%,TOPIX Small 2
20260430,ソーダニッカ,8158,卸売業,0.0020%,TOPIX Small 2
20260430,立花エレテック,8159,卸売業,0.0035%,TOPIX Small 2
20260430,木曽路,8160,小売業,0.0071%,TOPIX Small 1
20260430,ＳＲＳホールディングス,8163,小売業,0.0039%,TOPIX Small 2
20260430,千趣会,8165,小売業,0.0005%,TOPIX Small 2
20260430,リテールパートナーズ,8167,小売業,0.0039%,TOPIX Small 2
20260430,Ｊｏｓｈｉｎ,8173,小売業,0.0064%,TOPIX Small 1
20260430,日本瓦斯,8174,小売業,0.0259%,TOPIX Mid400
20260430,ロイヤルホールディングス,8179,小売業,0.0107%,TOPIX Small 1
20260430,チヨダ,8185,小売業,0.0019%,TOPIX Small 2
20260430,ライフコーポレーション,8194,小売業,0.0100%,TOPIX Small 1
20260430,リンガーハット,8200,小売業,0.0062%,TOPIX Small 1
20260430,ＭｒＭａｘＨＤ,8203,小売業,0.0012%,TOPIX Small 2
20260430,ＡＯＫＩホールディングス,8214,小売業,0.0067%,TOPIX Small 1
20260430,オークワ,8217,小売業,0.0021%,TOPIX Small 2
20260430,コメリ,8218,小売業,0.0090%,TOPIX Small 1
20260430,青山商事,8219,小売業,0.0102%,TOPIX Small 1
20260430,しまむら,8227,小売業,0.0466%,TOPIX Mid400
20260430,高島屋,8233,小売業,0.0528%,TOPIX Mid400
20260430,松屋,8237,小売業,0.0064%,TOPIX Small 1
20260430,エイチ・ツー・オー　リテイリング,8242,小売業,0.0227%,TOPIX Mid400
20260430,近鉄百貨店,8244,小売業,0.0019%,TOPIX Small 2
20260430,丸井グループ,8252,小売業,0.0354%,TOPIX Mid400
20260430,クレディセゾン,8253,その他金融業,0.0462%,TOPIX Mid400
20260430,アクシアル　リテイリング,8255,小売業,0.0062%,TOPIX Small 2
20260430,イオン,8267,小売業,0.3600%,TOPIX Large70
20260430,イズミ,8273,小売業,0.0102%,TOPIX Small 1
20260430,フォーバル,8275,卸売業,0.0008%,TOPIX Small 2
20260430,平和堂,8276,小売業,0.0088%,TOPIX Small 1
20260430,フジ,8278,小売業,0.0063%,TOPIX Small 1
20260430,ゼビオホールディングス,8281,小売業,0.0024%,TOPIX Small 1
20260430,ケーズホールディングス,8282,小売業,0.0239%,TOPIX Mid400
20260430,ＰＡＬＴＡＣ,8283,卸売業,0.0143%,TOPIX Mid400
20260430,三谷産業,8285,卸売業,0.0025%,TOPIX Small 2
20260430,ＳＢＩ新生銀行,8303,銀行業,0.0586%,TOPIX Mid400
20260430,あおぞら銀行,8304,銀行業,0.0302%,TOPIX Mid400
20260430,三菱ＵＦＪフィナンシャル・グループ,8306,銀行業,3.3407%,TOPIX Core30
20260430,りそなホールディングス,8308,銀行業,0.4469%,TOPIX Large70
20260430,三井住友トラストグループ,8309,銀行業,0.3358%,TOPIX Large70
20260430,三井住友フィナンシャルグループ,8316,銀行業,2.2588%,TOPIX Core30
20260430,千葉銀行,8331,銀行業,0.1203%,TOPIX Mid400
20260430,群馬銀行,8334,銀行業,0.0732%,TOPIX Mid400
20260430,武蔵野銀行,8336,銀行業,0.0188%,TOPIX Small 1
20260430,千葉興業銀行,8337,銀行業,0.0075%,TOPIX Small 1
20260430,筑波銀行,8338,銀行業,0.0048%,TOPIX Small 2
20260430,七十七銀行,8341,銀行業,0.0546%,TOPIX Mid400
20260430,秋田銀行,8343,銀行業,0.0069%,TOPIX Small 2
20260430,山形銀行,8344,銀行業,0.0061%,TOPIX Small 2
20260430,岩手銀行,8345,銀行業,0.0093%,TOPIX Small 2
20260430,東邦銀行,8346,銀行業,0.0144%,TOPIX Small 1
20260430,ふくおかフィナンシャルグループ,8354,銀行業,0.0962%,TOPIX Mid400
20260430,スルガ銀行,8358,銀行業,0.0293%,TOPIX Small 1
20260430,八十二長野銀行,8359,銀行業,0.0822%,TOPIX Mid400
20260430,山梨中央銀行,8360,銀行業,0.0123%,TOPIX Small 1
20260430,大垣共立銀行,8361,銀行業,0.0269%,TOPIX Small 1
20260430,福井銀行,8362,銀行業,0.0068%,TOPIX Small 2
20260430,清水銀行,8364,銀行業,0.0019%,TOPIX Small 2
20260430,滋賀銀行,8366,銀行業,0.0248%,TOPIX Small 1
20260430,南都銀行,8367,銀行業,0.0210%,TOPIX Small 1
20260430,百五銀行,8368,銀行業,0.0314%,TOPIX Small 1
20260430,紀陽銀行,8370,銀行業,0.0260%,TOPIX Small 1
20260430,ほくほくフィナンシャルグループ,8377,銀行業,0.0675%,TOPIX Mid400
20260430,山陰合同銀行,8381,銀行業,0.0220%,TOPIX Small 1
20260430,百十四銀行,8386,銀行業,0.0175%,TOPIX Small 1
20260430,四国銀行,8387,銀行業,0.0076%,TOPIX Small 2
20260430,阿波銀行,8388,銀行業,0.0176%,TOPIX Small 1
20260430,大分銀行,8392,銀行業,0.0125%,TOPIX Small 2
20260430,宮崎銀行,8393,銀行業,0.0109%,TOPIX Small 2
20260430,佐賀銀行,8395,銀行業,0.0060%,TOPIX Small 2
20260430,琉球銀行,8399,銀行業,0.0101%,TOPIX Small 1
20260430,セブン銀行,8410,銀行業,0.0156%,TOPIX Mid400
20260430,みずほフィナンシャルグループ,8411,銀行業,1.7919%,TOPIX Core30
20260430,山口フィナンシャルグループ,8418,銀行業,0.0495%,TOPIX Mid400
20260430,芙蓉総合リース,8424,その他金融業,0.0225%,TOPIX Mid400
20260430,みずほリース,8425,その他金融業,0.0202%,TOPIX Small 1
20260430,東京センチュリー,8439,その他金融業,0.0302%,TOPIX Mid400
20260430,ＳＢＩホールディングス,8473,証券、商品先物取引業,0.2087%,TOPIX Mid400
20260430,日本証券金融,8511,その他金融業,0.0140%,TOPIX Small 1
20260430,名古屋銀行,8522,銀行業,0.0204%,TOPIX Small 1
20260430,北洋銀行,8524,銀行業,0.0241%,TOPIX Small 1
20260430,愛媛銀行,8541,銀行業,0.0049%,TOPIX Small 2
20260430,京葉銀行,8544,銀行業,0.0176%,TOPIX Small 1
20260430,栃木銀行,8550,銀行業,0.0097%,TOPIX Small 2
20260430,北日本銀行,8551,銀行業,0.0028%,TOPIX Small 2
20260430,東和銀行,8558,銀行業,0.0037%,TOPIX Small 2
20260430,リコーリース,8566,その他金融業,0.0109%,TOPIX Small 1
20260430,イオンフィナンシャルサービス,8570,その他金融業,0.0168%,TOPIX Mid400
20260430,アコム,8572,その他金融業,0.0168%,TOPIX Mid400
20260430,ジャックス,8584,その他金融業,0.0092%,TOPIX Small 1
20260430,オリエントコーポレーション,8585,その他金融業,0.0075%,TOPIX Small 1
20260430,オリックス,8591,その他金融業,0.5925%,TOPIX Large70
20260430,三菱ＨＣキャピタル,8593,その他金融業,0.1341%,TOPIX Mid400
20260430,ジャフコ　グループ,8595,証券、商品先物取引業,0.0109%,TOPIX Mid400
20260430,トモニホールディングス,8600,銀行業,0.0159%,TOPIX Small 1
20260430,大和証券グループ本社,8601,証券、商品先物取引業,0.1973%,TOPIX Mid400
20260430,野村ホールディングス,8604,証券、商品先物取引業,0.3878%,TOPIX Large70
20260430,岡三証券グループ,8609,証券、商品先物取引業,0.0134%,TOPIX Small 1
20260430,丸三証券,8613,証券、商品先物取引業,0.0065%,TOPIX Small 1
20260430,東洋証券,8614,証券、商品先物取引業,0.0038%,TOPIX Small 2
20260430,東海東京フィナンシャル・ホールディングス,8616,証券、商品先物取引業,0.0157%,TOPIX Small 1
20260430,水戸証券,8622,証券、商品先物取引業,0.0034%,TOPIX Small 2
20260430,いちよし証券,8624,証券、商品先物取引業,0.0046%,TOPIX Small 2
20260430,松井証券,8628,証券、商品先物取引業,0.0119%,TOPIX Small 1
20260430,ＳＯＭＰＯホールディングス,8630,保険業,0.5412%,TOPIX Large70
20260430,日本取引所グループ,8697,その他金融業,0.1921%,TOPIX Large70
20260430,マネックスグループ,8698,証券、商品先物取引業,0.0133%,TOPIX Small 1
20260430,極東証券,8706,証券、商品先物取引業,0.0040%,TOPIX Small 1
20260430,岩井コスモホールディングス,8707,証券、商品先物取引業,0.0073%,TOPIX Small 1
20260430,アイザワ証券グループ,8708,証券、商品先物取引業,0.0029%,TOPIX Small 2
20260430,フィデアホールディングス,8713,銀行業,0.0037%,TOPIX Small 2
20260430,池田泉州ホールディングス,8714,銀行業,0.0241%,TOPIX Small 1
20260430,アニコム　ホールディングス,8715,保険業,0.0088%,TOPIX Small 1
20260430,ＭＳ＆ＡＤインシュアランスグループホールディングス,8725,保険業,0.4727%,TOPIX Large70
20260430,ソニーフィナンシャルグループ,8729,保険業,0.0872%,TOPIX Core30
20260430,スパークス・グループ,8739,証券、商品先物取引業,0.0040%,TOPIX Small 2
20260430,第一ライフグループ,8750,保険業,0.5211%,TOPIX Large70
20260430,東京海上ホールディングス,8766,保険業,1.3919%,TOPIX Core30
20260430,イー・ギャランティ,8771,その他金融業,0.0051%,TOPIX Small 1
20260430,ＮＥＣキャピタルソリューション,8793,その他金融業,0.0037%,TOPIX Small 2
20260430,Ｔ＆Ｄホールディングス,8795,保険業,0.1585%,TOPIX Mid400
20260430,アドバンスクリエイト,8798,保険業,0.0003%,TOPIX Small 2
20260430,三井不動産,8801,不動産業,0.4694%,TOPIX Large70
20260430,三菱地所,8802,不動産業,0.5008%,TOPIX Large70
20260430,平和不動産,8803,不動産業,0.0086%,TOPIX Small 1
20260430,東京建物,8804,不動産業,0.0641%,TOPIX Mid400
20260430,京阪神ビルディング,8818,不動産業,0.0053%,TOPIX Small 2
20260430,住友不動産,8830,不動産業,0.2588%,TOPIX Large70
20260430,テーオーシー,8841,不動産業,0.0035%,TOPIX Small 2
20260430,レオパレス２１,8848,不動産業,0.0109%,TOPIX Small 1
20260430,スターツコーポレーション,8850,不動産業,0.0167%,TOPIX Small 1
20260430,フジ住宅,8860,不動産業,0.0019%,TOPIX Small 2
20260430,空港施設,8864,不動産業,0.0025%,TOPIX Small 2
20260430,明和地所,8869,不動産業,0.0014%,TOPIX Small 2
20260430,ゴールドクレスト,8871,不動産業,0.0034%,TOPIX Small 1
20260430,リログループ,8876,サービス業,0.0171%,TOPIX Mid400
20260430,エスリード,8877,不動産業,0.0051%,TOPIX Small 2
20260430,日神グループホールディングス,8881,不動産業,0.0021%,TOPIX Small 2
20260430,エスコン,8892,不動産業,0.0050%,TOPIX Small 1
20260430,ＭＩＲＡＲＴＨホールディングス,8897,不動産業,0.0048%,TOPIX Small 1
20260430,ランド,8918,不動産業,0.0012%,TOPIX Small 2
20260430,カチタス,8919,不動産業,0.0157%,TOPIX Small 1
20260430,東祥,8920,サービス業,0.0014%,TOPIX Small 2
20260430,トーセイ,8923,不動産業,0.0091%,TOPIX Small 1
20260430,サンフロンティア不動産,8934,不動産業,0.0079%,TOPIX Small 1
20260430,ＦＪネクストホールディングス,8935,不動産業,0.0026%,TOPIX Small 2
20260430,グランディハウス,8999,不動産業,0.0009%,TOPIX Small 2
20260430,東武鉄道,9001,陸運業,0.0551%,TOPIX Mid400
20260430,相鉄ホールディングス,9003,陸運業,0.0194%,TOPIX Mid400
20260430,東急,9005,陸運業,0.0817%,TOPIX Mid400
20260430,京浜急行電鉄,9006,陸運業,0.0332%,TOPIX Mid400
20260430,小田急電鉄,9007,陸運業,0.0456%,TOPIX Mid400
20260430,京王電鉄,9008,陸運業,0.0315%,TOPIX Mid400
20260430,京成電鉄,9009,陸運業,0.0369%,TOPIX Mid400
20260430,富士急行,9010,陸運業,0.0053%,TOPIX Small 1
20260430,東日本旅客鉄道,9020,陸運業,0.3566%,TOPIX Large70
20260430,西日本旅客鉄道,9021,陸運業,0.1289%,TOPIX Large70
20260430,東海旅客鉄道,9022,陸運業,0.2943%,TOPIX Large70
20260430,東京地下鉄,9023,陸運業,0.0477%,TOPIX Mid400
20260430,西武ホールディングス,9024,陸運業,0.0723%,TOPIX Mid400
20260430,鴻池運輸,9025,陸運業,0.0092%,TOPIX Small 1
20260430,西日本鉄道,9031,陸運業,0.0158%,TOPIX Mid400
20260430,ハマキョウレックス,9037,陸運業,0.0103%,TOPIX Small 1
20260430,サカイ引越センター,9039,陸運業,0.0070%,TOPIX Small 1
20260430,近鉄グループホールディングス,9041,陸運業,0.0680%,TOPIX Mid400
20260430,阪急阪神ホールディングス,9042,陸運業,0.1135%,TOPIX Mid400
20260430,ＮＡＮＫＡＩ,9044,陸運業,0.0259%,TOPIX Mid400
20260430,京阪ホールディングス,9045,陸運業,0.0322%,TOPIX Mid400
20260430,神戸電鉄,9046,陸運業,0.0012%,TOPIX Small 2
20260430,名古屋鉄道,9048,陸運業,0.0373%,TOPIX Mid400
20260430,山陽電気鉄道,9052,陸運業,0.0028%,TOPIX Small 2
20260430,ヤマトホールディングス,9064,陸運業,0.0409%,TOPIX Mid400
20260430,山九,9065,陸運業,0.0351%,TOPIX Mid400
20260430,丸全昭和運輸,9068,陸運業,0.0091%,TOPIX Small 1
20260430,センコーグループホールディングス,9069,陸運業,0.0255%,TOPIX Mid400
20260430,ニッコンホールディングス,9072,陸運業,0.0413%,TOPIX Mid400
20260430,福山通運,9075,陸運業,0.0104%,TOPIX Small 1
20260430,セイノーホールディングス,9076,陸運業,0.0225%,TOPIX Mid400
20260430,神奈川中央交通,9081,陸運業,0.0017%,TOPIX Small 2
20260430,ＡＺ－ＣＯＭ丸和ホールディングス,9090,陸運業,0.0053%,TOPIX Small 1
20260430,日本郵船,9101,海運業,0.2150%,TOPIX Large70
20260430,商船三井,9104,海運業,0.2153%,TOPIX Large70
20260430,川崎汽船,9107,海運業,0.1052%,TOPIX Mid400
20260430,ＮＳユナイテッド海運,9110,海運業,0.0091%,TOPIX Small 1
20260430,飯野海運,9119,海運業,0.0115%,TOPIX Small 1
20260430,九州旅客鉄道,9142,陸運業,0.0515%,TOPIX Mid400
20260430,ＳＧホールディングス,9143,陸運業,0.0468%,TOPIX Mid400
20260430,ＮＩＰＰＯＮ　ＥＸＰＲＥＳＳホールディングス,9147,陸運業,0.0782%,TOPIX Mid400
20260430,日本航空,9201,空運業,0.1072%,TOPIX Mid400
20260430,ＡＮＡホールディングス,9202,空運業,0.1349%,TOPIX Large70
20260430,ビーウィズ,9216,サービス業,0.0015%,TOPIX Small 2
20260430,サンウェルズ,9229,サービス業,0.0003%,TOPIX Small 2
20260430,ＴＲＥホールディングス,9247,サービス業,0.0072%,TOPIX Small 1
20260430,人・夢・技術グループ,9248,サービス業,0.0011%,TOPIX Small 2
20260430,シルバーライフ,9262,小売業,0.0004%,TOPIX Small 2
20260430,Ｇｅｎｋｙ　ＤｒｕｇＳｔｏｒｅｓ,9267,小売業,0.0064%,TOPIX Small 1
20260430,コーア商事ホールディングス,9273,卸売業,0.0016%,TOPIX Small 2
20260430,ＫＰＰグループホールディングス,9274,卸売業,0.0051%,TOPIX Small 1
20260430,ブックオフグループホールディングス,9278,小売業,0.0030%,TOPIX Small 2
20260430,ギフトホールディングス,9279,小売業,0.0050%,TOPIX Small 2
20260430,三菱倉庫,9301,倉庫・運輸関連業,0.0289%,TOPIX Mid400
20260430,三井倉庫ホールディングス,9302,倉庫・運輸関連業,0.0231%,TOPIX Mid400
20260430,住友倉庫,9303,倉庫・運輸関連業,0.0207%,TOPIX Small 1
20260430,澁澤倉庫,9304,倉庫・運輸関連業,0.0039%,TOPIX Small 2
20260430,ヤマタネ,9305,卸売業,0.0033%,TOPIX Small 2
20260430,乾汽船,9308,海運業,0.0037%,TOPIX Small 2
20260430,日本トランスシティ,9310,倉庫・運輸関連業,0.0055%,TOPIX Small 2
20260430,中央倉庫,9319,倉庫・運輸関連業,0.0020%,TOPIX Small 2
20260430,安田倉庫,9324,倉庫・運輸関連業,0.0029%,TOPIX Small 2
20260430,ＮＩＳＳＯホールディングス,9332,サービス業,0.0010%,TOPIX Small 2
20260430,大栄環境,9336,サービス業,0.0161%,TOPIX Small 1
20260430,ＧＥＮＯＶＡ,9341,サービス業,0.0006%,TOPIX Small 2
20260430,日本管財ホールディングス,9347,サービス業,0.0060%,TOPIX Small 2
20260430,上組,9364,倉庫・運輸関連業,0.0435%,TOPIX Mid400
20260430,キユーソー流通システム,9369,倉庫・運輸関連業,0.0033%,TOPIX Small 2
20260430,エーアイテイー,9381,倉庫・運輸関連業,0.0026%,TOPIX Small 2
20260430,ＴＢＳホールディングス,9401,情報・通信業,0.0522%,TOPIX Mid400
20260430,日本テレビホールディングス,9404,情報・通信業,0.0499%,TOPIX Mid400
20260430,朝日放送グループホールディングス,9405,情報・通信業,0.0020%,TOPIX Small 2
20260430,テレビ朝日ホールディングス,9409,情報・通信業,0.0150%,TOPIX Small 1
20260430,スカパーＪＳＡＴ,9412,情報・通信業,0.0440%,TOPIX Small 1
20260430,テレビ東京ホールディングス,9413,情報・通信業,0.0047%,TOPIX Small 1
20260430,ビジョン,9416,情報・通信業,0.0044%,TOPIX Small 1
20260430,Ｕ－ＮＥＸＴ　ＨＯＬＤＩＮＧＳ,9418,情報・通信業,0.0098%,TOPIX Small 1
20260430,日本通信,9424,情報・通信業,0.0019%,TOPIX Small 2
20260430,ＮＴＴ,9432,情報・通信業,0.8016%,TOPIX Core30
20260430,ＫＤＤＩ,9433,情報・通信業,0.6948%,TOPIX Core30
20260430,ソフトバンク,9434,情報・通信業,0.6838%,TOPIX Core30
20260430,光通信,9435,情報・通信業,0.0716%,TOPIX Mid400
20260430,エムティーアイ,9438,情報・通信業,0.0008%,TOPIX Small 2
20260430,ＧＭＯインターネットグループ,9449,情報・通信業,0.0189%,TOPIX Mid400
20260430,ファイバーゲート,9450,情報・通信業,0.0006%,TOPIX Small 2
20260430,ＫＡＤＯＫＡＷＡ,9468,情報・通信業,0.0378%,TOPIX Mid400
20260430,学研ホールディングス,9470,情報・通信業,0.0031%,TOPIX Small 2
20260430,ゼンリン,9474,情報・通信業,0.0024%,TOPIX Small 2
20260430,東京電力ホールディングス,9501,電気・ガス業,0.1019%,TOPIX Mid400
20260430,中部電力,9502,電気・ガス業,0.1892%,TOPIX Mid400
20260430,関西電力,9503,電気・ガス業,0.2592%,TOPIX Mid400
20260430,中国電力,9504,電気・ガス業,0.0297%,TOPIX Mid400
20260430,北陸電力,9505,電気・ガス業,0.0170%,TOPIX Mid400
20260430,東北電力,9506,電気・ガス業,0.0547%,TOPIX Mid400
20260430,四国電力,9507,電気・ガス業,0.0277%,TOPIX Mid400
20260430,九州電力,9508,電気・ガス業,0.0743%,TOPIX Mid400
20260430,北海道電力,9509,電気・ガス業,0.0217%,TOPIX Mid400
20260430,沖縄電力,9511,電気・ガス業,0.0046%,TOPIX Small 1
20260430,電源開発,9513,電気・ガス業,0.0554%,TOPIX Mid400
20260430,エフオン,9514,電気・ガス業,0.0005%,TOPIX Small 2
20260430,イーレックス,9517,電気・ガス業,0.0039%,TOPIX Small 2
20260430,レノバ,9519,電気・ガス業,0.0058%,TOPIX Small 1
20260430,東京瓦斯,9531,電気・ガス業,0.2297%,TOPIX Mid400
20260430,大阪瓦斯,9532,電気・ガス業,0.1936%,TOPIX Mid400
20260430,東邦瓦斯,9533,電気・ガス業,0.0310%,TOPIX Mid400
20260430,北海道瓦斯,9534,電気・ガス業,0.0047%,TOPIX Small 2
20260430,広島ガス,9535,電気・ガス業,0.0016%,TOPIX Small 2
20260430,西部ガスホールディングス,9536,電気・ガス業,0.0049%,TOPIX Small 2
20260430,静岡ガス,9543,電気・ガス業,0.0061%,TOPIX Small 1
20260430,メタウォーター,9551,電気・ガス業,0.0086%,TOPIX Small 1
20260430,クオンツ総研ホールディングス,9552,サービス業,0.0015%,TOPIX Small 1
20260430,松竹,9601,情報・通信業,0.0114%,TOPIX Small 1
20260430,東宝,9602,情報・通信業,0.0732%,TOPIX Mid400
20260430,エイチ・アイ・エス,9603,サービス業,0.0060%,TOPIX Small 1
20260430,東映,9605,情報・通信業,0.0184%,TOPIX Small 1
20260430,ラックランド,9612,サービス業,0.0013%,TOPIX Small 2
20260430,共立メンテナンス,9616,サービス業,0.0185%,TOPIX Mid400
20260430,イチネンホールディングス,9619,サービス業,0.0040%,TOPIX Small 2
20260430,建設技術研究所,9621,サービス業,0.0057%,TOPIX Small 1
20260430,スペース,9622,サービス業,0.0021%,TOPIX Small 2
20260430,アインホールディングス,9627,小売業,0.0129%,TOPIX Mid400
20260430,燦ホールディングス,9628,サービス業,0.0023%,TOPIX Small 2
20260430,ピー・シー・エー,9629,情報・通信業,0.0017%,TOPIX Small 2
20260430,スバル興業,9632,サービス業,0.0023%,TOPIX Small 2
20260430,タナベコンサルティンググループ,9644,サービス業,0.0012%,TOPIX Small 2
20260430,ビジネスブレイン太田昭和,9658,情報・通信業,0.0019%,TOPIX Small 2
20260430,ナガワ,9663,サービス業,0.0027%,TOPIX Small 2
20260430,東京都競馬,9672,サービス業,0.0078%,TOPIX Small 1
20260430,カナモト,9678,サービス業,0.0128%,TOPIX Small 1
20260430,ＤＴＳ,9682,情報・通信業,0.0155%,TOPIX Small 1
20260430,スクウェア・エニックス・ホールディングス,9684,情報・通信業,0.0774%,TOPIX Mid400
20260430,シーイーシー,9692,情報・通信業,0.0044%,TOPIX Small 1
20260430,カプコン,9697,情報・通信業,0.1257%,TOPIX Mid400
20260430,ニシオホールディングス,9699,サービス業,0.0070%,TOPIX Small 1
20260430,アイ・エス・ビー,9702,情報・通信業,0.0019%,TOPIX Small 2
20260430,日本空港ビルデング,9706,不動産業,0.0336%,TOPIX Mid400
20260430,トランス・コスモス,9715,サービス業,0.0096%,TOPIX Small 1
20260430,乃村工藝社,9716,サービス業,0.0100%,TOPIX Small 1
20260430,藤田観光,9722,サービス業,0.0080%,TOPIX Small 1
20260430,ＫＮＴ－ＣＴホールディングス,9726,サービス業,0.0019%,TOPIX Small 2
20260430,トーカイ,9729,サービス業,0.0037%,TOPIX Small 2
20260430,セコム,9735,サービス業,0.2103%,TOPIX Large70
20260430,ＮＳＷ,9739,情報・通信業,0.0021%,TOPIX Small 2
20260430,セントラル警備保障,9740,サービス業,0.0025%,TOPIX Small 2
20260430,アイネス,9742,情報・通信業,0.0031%,TOPIX Small 2
20260430,丹青社,9743,サービス業,0.0059%,TOPIX Small 1
20260430,メイテックグループホールディングス,9744,サービス業,0.0227%,TOPIX Mid400
20260430,ＴＫＣ,9746,情報・通信業,0.0116%,TOPIX Small 1
20260430,応用地質,9755,サービス業,0.0048%,TOPIX Small 2
20260430,船井総研ホールディングス,9757,サービス業,0.0088%,TOPIX Small 1
20260430,ＮＳＤ,9759,情報・通信業,0.0181%,TOPIX Mid400
20260430,コナミグループ,9766,情報・通信業,0.1549%,TOPIX Mid400
20260430,学究社,9769,サービス業,0.0018%,TOPIX Small 2
20260430,ナック,9788,サービス業,0.0010%,TOPIX Small 2
20260430,福井コンピュータホールディングス,9790,情報・通信業,0.0034%,TOPIX Small 2
20260430,ダイセキ,9793,サービス業,0.0159%,TOPIX Small 1
20260430,ステップ,9795,サービス業,0.0016%,TOPIX Small 2
20260430,泉州電業,9824,卸売業,0.0078%,TOPIX Small 1
20260430,Ｇｅｎｋｉ　Ｇｌｏｂａｌ　Ｄｉｎｉｎｇ　Ｃｏｎｃｅｐｔｓ,9828,小売業,0.0032%,TOPIX Small 1
20260430,トラスコ中山,9830,卸売業,0.0092%,TOPIX Small 1
20260430,ヤマダホールディングス,9831,小売業,0.0324%,TOPIX Mid400
20260430,オートバックスセブン,9832,卸売業,0.0107%,TOPIX Small 1
20260430,モリト,9837,卸売業,0.0028%,TOPIX Small 2
20260430,アークランズ,9842,小売業,0.0107%,TOPIX Small 1
20260430,ニトリホールディングス,9843,小売業,0.0724%,TOPIX Mid400
20260430,グルメ杵屋,9850,小売業,0.0016%,TOPIX Small 2
20260430,ケーユーホールディングス,9856,小売業,0.0016%,TOPIX Small 2
20260430,吉野家ホールディングス,9861,小売業,0.0235%,TOPIX Mid400
20260430,加藤産業,9869,卸売業,0.0154%,TOPIX Small 1
20260430,イノテック,9880,電気機器,0.0036%,TOPIX Small 2
20260430,イエローハット,9882,卸売業,0.0075%,TOPIX Small 1
20260430,松屋フーズホールディングス,9887,小売業,0.0054%,TOPIX Small 1
20260430,ＪＢＣＣホールディングス,9889,情報・通信業,0.0061%,TOPIX Small 1
20260430,ＪＫホールディングス,9896,卸売業,0.0018%,TOPIX Small 2
20260430,サガミホールディングス,9900,小売業,0.0056%,TOPIX Small 1
20260430,日伝,9902,卸売業,0.0026%,TOPIX Small 2
20260430,ミロク情報サービス,9928,情報・通信業,0.0027%,TOPIX Small 2
20260430,杉本商事,9932,卸売業,0.0020%,TOPIX Small 2
20260430,因幡電機産業,9934,卸売業,0.0278%,TOPIX Mid400
20260430,王将フードサービス,9936,小売業,0.0122%,TOPIX Small 1
20260430,ミニストップ,9946,小売業,0.0027%,TOPIX Small 2
20260430,アークス,9948,小売業,0.0115%,TOPIX Small 1
20260430,バローホールディングス,9956,小売業,0.0142%,TOPIX Small 1
20260430,東テク,9960,卸売業,0.0085%,TOPIX Small 1
20260430,ミスミグループ本社,9962,卸売業,0.1023%,TOPIX Mid400
20260430,ベルク,9974,小売業,0.0062%,TOPIX Small 1
20260430,大庄,9979,小売業,0.0012%,TOPIX Small 2
20260430,ファーストリテイリング,9983,小売業,1.0029%,TOPIX Core30
20260430,ソフトバンクグループ,9984,情報・通信業,1.9150%,TOPIX Core30
20260430,スズケン,9987,卸売業,0.0372%,TOPIX Mid400
20260430,サンドラッグ,9989,小売業,0.0225%,TOPIX Mid400
20260430,サックスバー　ホールディングス,9990,小売業,0.0013%,TOPIX Small 2
20260430,ジェコス,9991,卸売業,0.0023%,TOPIX Small 2
20260430,ベルーナ,9997,小売業,0.0041%,TOPIX Small 1
（注1）ニューインデックス区分欄には、「TOPIX Core30」、「TOPIX Large70」、「TOPIX Mid400」、「TOPIX Small 1」、「TOPIX Small 2」のいずれかを記載します。,,,,,
　　　それぞれの記載は、以下の指数に組入れられていることを表します。,,,,,
　　　・TOPIX Core30  … TOPIX Core30、 TOPIX 100、 TOPIX 500、 TOPIX 1000,,,,,
　　　・TOPIX Large70 … TOPIX Large70、TOPIX 100、 TOPIX 500、 TOPIX 1000,,,,,
　　　・TOPIX Mid400  … TOPIX Mid400、 TOPIX 500、 TOPIX 1000,,,,,
　　　・TOPIX Small 1 … TOPIX Small、TOPIX Small 500、 TOPIX 1000,,,,,
　　　・TOPIX Small 2 … TOPIX Small (非TOPIX 1000),,,,,
,,,,,
お問い合わせ先,,,,,
株式会社ＪＰＸ総研　インデックスビジネス部　index@jpx.co.jp,,,,,
,,,,,
【免責事項】,,,,,
・本資料の一切の権利は、株式会社ＪＰＸ総研又は株式会社ＪＰＸ総研の関連会社（以下「JPX」という。）に属しており、いかなる目的を問わず、無断複製・転載を禁じます。,,,,,
・JPXが算出する株価指数の指数値及び商標は、JPXの知的財産であり、JPXが算出する株価指数に関するすべての権利はJPXが所有しています。,,,,,
　このため、JPXが算出する株価指数を使用して、ファンドやリンク債などの金融商品を組成、売り出す場合（相対契約によるオプション、スワップ、ワラントなどのデリバティブ取引の対象にする場合を含みます。）など、,,,,,
　JPXが算出する株価指数を商業的に利用する場合には、JPXとのライセンス契約が必要となります。,,,,,
・本資料は、予告なく変更される場合があります。また、本資料に掲載されている情報の作成には万全を期していますが、当該情報の完全性を保証するものではありません。,,,,,
・当社は、本資料及び本資料から得た情報を利用したことにより発生するいかなる費用又は損害等の一切について責任を負いません。,,,,,
